group,frequency,mean,std,count
high_snr_analog,0.0,1.0,0.0,5
high_snr_analog,0.001953125,0.8365057826042175,0.004706903687007409,5
high_snr_analog,0.00390625,0.48388615250587463,0.011470670518050452,5
high_snr_analog,0.005859375,0.20269715189933776,0.013224651148259447,5
high_snr_analog,0.0078125,0.11334075480699539,0.020442890070681372,5
high_snr_analog,0.009765625,0.13611800074577332,0.027279904676618026,5
high_snr_analog,0.01171875,0.14935972541570663,0.02524542371959883,5
high_snr_analog,0.013671875,0.12256041765213013,0.019443641231711432,5
high_snr_analog,0.015625,0.09105579704046249,0.015254956927235183,5
high_snr_analog,0.017578125,0.07657199054956436,0.012069856315788961,5
high_snr_analog,0.01953125,0.07349917143583298,0.008916469252575889,5
high_snr_analog,0.021484375,0.07567984759807586,0.0075917847295266525,5
high_snr_analog,0.0234375,0.07871580719947815,0.009222846287300447,5
high_snr_analog,0.025390625,0.07155500575900078,0.010241981830578404,5
high_snr_analog,0.02734375,0.05052345767617226,0.007537926021678639,5
high_snr_analog,0.029296875,0.030814307928085326,0.004273135844190895,5
high_snr_analog,0.03125,0.02676028199493885,0.0041247455831914534,5
high_snr_analog,0.033203125,0.031309737265110014,0.006032175724182128,5
high_snr_analog,0.03515625,0.029588744044303894,0.006157274343580023,5
high_snr_analog,0.037109375,0.02194542996585369,0.004439771166787039,5
high_snr_analog,0.0390625,0.01858788412064314,0.0034620591215363014,5
high_snr_analog,0.041015625,0.02032136209309101,0.0040494939691551575,5
high_snr_analog,0.04296875,0.019815672747790815,0.004345629238194159,5
high_snr_analog,0.044921875,0.016217195056378843,0.003681404301968919,5
high_snr_analog,0.046875,0.014810139872133731,0.0030494049455317886,5
high_snr_analog,0.048828125,0.01571635138243437,0.0030939808209627115,5
high_snr_analog,0.05078125,0.014536780118942261,0.00305374252336291,5
high_snr_analog,0.052734375,0.01169587392359972,0.002591254085142889,5
high_snr_analog,0.0546875,0.01127470713108778,0.0023358707499319736,5
high_snr_analog,0.056640625,0.012659035995602608,0.002460408074165654,5
high_snr_analog,0.05859375,0.011923503689467907,0.002398390251584966,5
high_snr_analog,0.060546875,0.009547586180269718,0.002043089612769247,5
high_snr_analog,0.0625,0.009090527705848218,0.001924634839771579,5
high_snr_analog,0.064453125,0.010137959197163583,0.00198891599058924,5
high_snr_analog,0.06640625,0.009616018459200858,0.0018229822349788522,5
high_snr_analog,0.068359375,0.008206035010516644,0.0015683699869664962,5
high_snr_analog,0.0703125,0.008822783455252647,0.0016618838420367026,5
high_snr_analog,0.072265625,0.010551940277218818,0.0019229628439915432,5
high_snr_analog,0.07421875,0.010401719063520432,0.0018650228440276677,5
high_snr_analog,0.076171875,0.009311370644718408,0.001689627837887202,5
high_snr_analog,0.078125,0.010343230143189431,0.0017725081080299829,5
high_snr_analog,0.080078125,0.012610598281025887,0.0019491031054945163,5
high_snr_analog,0.08203125,0.012986881099641323,0.0018938481533446114,5
high_snr_analog,0.083984375,0.01227759812027216,0.0018391317617037924,5
high_snr_analog,0.0859375,0.013714416697621346,0.0020088234759503723,5
high_snr_analog,0.087890625,0.016623345762491228,0.0022463735162124364,5
high_snr_analog,0.08984375,0.017541606165468692,0.0022800645900013716,5
high_snr_analog,0.091796875,0.016655864007771016,0.002227807140391821,5
high_snr_analog,0.09375,0.01725391112267971,0.0022094177458134873,5
high_snr_analog,0.095703125,0.019381088390946388,0.002231406655971229,5
high_snr_analog,0.09765625,0.019810196384787558,0.002218734980815955,5
high_snr_analog,0.099609375,0.018139517307281493,0.0021728741291175612,5
high_snr_analog,0.1015625,0.017372575402259827,0.002089371644025419,5
high_snr_analog,0.103515625,0.01822607349604368,0.001958490615713602,5
high_snr_analog,0.10546875,0.01812255121767521,0.0018333983824929817,5
high_snr_analog,0.107421875,0.016375030390918255,0.0017112646715589778,5
high_snr_analog,0.109375,0.015412664785981179,0.0016051099207780718,5
high_snr_analog,0.111328125,0.016008687019348145,0.0014633322895295342,5
high_snr_analog,0.11328125,0.01587706319987774,0.0013383349644064616,5
high_snr_analog,0.115234375,0.014079734310507774,0.001227803108215412,5
high_snr_analog,0.1171875,0.012642184086143971,0.0011071038914923362,5
high_snr_analog,0.119140625,0.012612690776586532,0.0009934147137895034,5
high_snr_analog,0.12109375,0.012358520179986954,0.000964203470018157,5
high_snr_analog,0.123046875,0.011014686524868011,0.0008884418073684234,5
high_snr_analog,0.125,0.010071424953639507,0.0008280784154906859,5
high_snr_analog,0.126953125,0.010238013416528701,0.0008619834191684589,5
high_snr_analog,0.12890625,0.010001159831881523,0.000892682988938686,5
high_snr_analog,0.130859375,0.008628881070762873,0.0007802172724269988,5
high_snr_analog,0.1328125,0.007609204854816198,0.0007679128673716857,5
high_snr_analog,0.134765625,0.007792030088603496,0.000907479486469231,5
high_snr_analog,0.13671875,0.007875818852335214,0.000997357119328221,5
high_snr_analog,0.138671875,0.007018846459686756,0.0009138305312555518,5
high_snr_analog,0.140625,0.006359053496271372,0.0008227239300893184,5
high_snr_analog,0.142578125,0.0066623477265238765,0.0008650822534302957,5
high_snr_analog,0.14453125,0.006877980940043926,0.0009428209827323187,5
high_snr_analog,0.146484375,0.006290344055742025,0.0009749628195720864,5
high_snr_analog,0.1484375,0.00585899967700243,0.0010685809466221402,5
high_snr_analog,0.150390625,0.006203115731477737,0.0011725750283020993,5
high_snr_analog,0.15234375,0.006369686033576727,0.0011528152787001233,5
high_snr_analog,0.154296875,0.005783418379724026,0.0010208217904035546,5
high_snr_analog,0.15625,0.005406167078763247,0.0009625252833926946,5
high_snr_analog,0.158203125,0.005799846723675728,0.001023460276311114,5
high_snr_analog,0.16015625,0.005968358926475048,0.0010447149507720127,5
high_snr_analog,0.162109375,0.005290149990469217,0.0009215937432310656,5
high_snr_analog,0.1640625,0.004756002780050039,0.0008569471623220193,5
high_snr_analog,0.166015625,0.005091944430023432,0.0009280379723702323,5
high_snr_analog,0.16796875,0.005392559338361025,0.0009797830025028498,5
high_snr_analog,0.169921875,0.0048467573709785935,0.0008718843336442812,5
high_snr_analog,0.171875,0.004208486899733544,0.0007665919715287482,5
high_snr_analog,0.173828125,0.004305803868919611,0.0007833465758498706,5
high_snr_analog,0.17578125,0.004562152968719602,0.0008670454738652517,5
high_snr_analog,0.177734375,0.004247020790353417,0.0008635758387959476,5
high_snr_analog,0.1796875,0.003866229252889752,0.0008516417960150739,5
high_snr_analog,0.181640625,0.004079303704202175,0.0008995471841360891,5
high_snr_analog,0.18359375,0.004417446488514542,0.0009496623271537763,5
high_snr_analog,0.185546875,0.00425901529379189,0.000949091571720485,5
high_snr_analog,0.1875,0.004027486685663462,0.000978342074003308,5
high_snr_analog,0.189453125,0.00430589853785932,0.0010816575583240126,5
high_snr_analog,0.19140625,0.0047042426653206345,0.0011751649520767887,5
high_snr_analog,0.193359375,0.004646910261362791,0.0012088103801286751,5
high_snr_analog,0.1953125,0.004435437871143222,0.0012045432191255083,5
high_snr_analog,0.197265625,0.004575035814195871,0.001176694131543034,5
high_snr_analog,0.19921875,0.004828619165346026,0.001137760643660954,5
high_snr_analog,0.201171875,0.004808369884267449,0.0011226476230433945,5
high_snr_analog,0.203125,0.004765051184222102,0.0011242524009886597,5
high_snr_analog,0.205078125,0.00499152927659452,0.0010788453989205786,5
high_snr_analog,0.20703125,0.0051512282341718675,0.0009923160881819624,5
high_snr_analog,0.208984375,0.004935062304139137,0.0009190665687974089,5
high_snr_analog,0.2109375,0.004705859301611781,0.0008496811589931408,5
high_snr_analog,0.212890625,0.004819617606699467,0.0007450854071419596,5
high_snr_analog,0.21484375,0.0049742494709789755,0.0006505063542165974,5
high_snr_analog,0.216796875,0.004845836572349072,0.0006139848011220551,5
high_snr_analog,0.21875,0.0046981960535049435,0.0005791416035636134,5
high_snr_analog,0.220703125,0.004780488461256028,0.0005327272814255856,5
high_snr_analog,0.22265625,0.0047964037396013735,0.0005210529938912299,5
high_snr_analog,0.224609375,0.00453413100913167,0.0005223028971265816,5
high_snr_analog,0.2265625,0.004354916326701641,0.0005211304357940002,5
high_snr_analog,0.228515625,0.004510503262281418,0.0005160888533580398,5
high_snr_analog,0.23046875,0.004630651790648699,0.0005403646935003921,5
high_snr_analog,0.232421875,0.004411983769387007,0.000560279375030983,5
high_snr_analog,0.234375,0.004168015765026211,0.0005921280432583676,5
high_snr_analog,0.236328125,0.004192376742139459,0.0006272252391585073,5
high_snr_analog,0.23828125,0.004226865665987134,0.0006248490074556091,5
high_snr_analog,0.240234375,0.004060523770749569,0.0005912105127838859,5
high_snr_analog,0.2421875,0.004008027771487832,0.0005927173032303091,5
high_snr_analog,0.244140625,0.004285563668236137,0.0006307513120720296,5
high_snr_analog,0.24609375,0.004537571547552943,0.0006598985855739937,5
high_snr_analog,0.248046875,0.004485534643754363,0.0006739179526765109,5
high_snr_analog,0.25,0.004439737973734736,0.0007039789087986963,5
high_snr_analog,0.251953125,0.004672721913084388,0.000741370066791617,5
high_snr_analog,0.25390625,0.00488230912014842,0.0007404655254151799,5
high_snr_analog,0.255859375,0.004780582524836064,0.000694504101541663,5
high_snr_analog,0.2578125,0.004647191986441613,0.0006612724467963256,5
high_snr_analog,0.259765625,0.0047911016270518305,0.0006802417290810246,5
high_snr_analog,0.26171875,0.004990856908261776,0.0007172155040239349,5
high_snr_analog,0.263671875,0.004960852954536676,0.0007158485434471831,5
high_snr_analog,0.265625,0.0048806782811880115,0.0006951232626714901,5
high_snr_analog,0.267578125,0.004991389624774456,0.0006775594494857297,5
high_snr_analog,0.26953125,0.005123320966959,0.0006419428109531878,5
high_snr_analog,0.271484375,0.00505850613117218,0.0005856954340141655,5
high_snr_analog,0.2734375,0.0049302403815090655,0.0005413729053877711,5
high_snr_analog,0.275390625,0.004881141427904368,0.0005088655089871709,5
high_snr_analog,0.27734375,0.004761966224759817,0.0004627686249559932,5
high_snr_analog,0.279296875,0.004513150546699762,0.00043648226095601377,5
high_snr_analog,0.28125,0.0043857313692569734,0.00047154983223309004,5
high_snr_analog,0.283203125,0.004455462470650673,0.0005234419927723394,5
high_snr_analog,0.28515625,0.00439506359398365,0.0005150054757004459,5
high_snr_analog,0.287109375,0.0040515723638236524,0.00047021799252798454,5
high_snr_analog,0.2890625,0.0037579293362796306,0.0004674169853803202,5
high_snr_analog,0.291015625,0.0037476438563317062,0.0005078919886294301,5
high_snr_analog,0.29296875,0.003766616480425,0.0005360766541779638,5
high_snr_analog,0.294921875,0.003602967644110322,0.0004990206566152742,5
high_snr_analog,0.296875,0.0034883230924606322,0.00044798813069588263,5
high_snr_analog,0.298828125,0.0036099742166697977,0.00044707343667557415,5
high_snr_analog,0.30078125,0.0037232303526252507,0.0004945715418872375,5
high_snr_analog,0.302734375,0.0036286443937569857,0.0005479386599774227,5
high_snr_analog,0.3046875,0.0035629622638225556,0.0005904011458426627,5
high_snr_analog,0.306640625,0.003734711930155754,0.0006349224368226751,5
high_snr_analog,0.30859375,0.003919557435438037,0.0007038477873184957,5
high_snr_analog,0.310546875,0.003894049022346735,0.0007960241533610453,5
high_snr_analog,0.3125,0.0038446982391178606,0.000886872744064687,5
high_snr_analog,0.314453125,0.00397792630828917,0.0009501508164191239,5
high_snr_analog,0.31640625,0.004130477085709572,0.000985472126901134,5
high_snr_analog,0.318359375,0.004120559385046363,0.0010122180133724941,5
high_snr_analog,0.3203125,0.0040928229689598085,0.001054328114148888,5
high_snr_analog,0.322265625,0.0041791029740124944,0.0011032408567096244,5
high_snr_analog,0.32421875,0.00420482587069273,0.001126825063675305,5
high_snr_analog,0.326171875,0.004054637346416712,0.001111134433646639,5
high_snr_analog,0.328125,0.00394355938769877,0.0010746785954584709,5
high_snr_analog,0.330078125,0.004012654116377234,0.0010331638410155629,5
high_snr_analog,0.33203125,0.004040418798103929,0.0009730485585539433,5
high_snr_analog,0.333984375,0.00386114539578557,0.0008813909571685913,5
high_snr_analog,0.3359375,0.0036856549326330424,0.000784464364251336,5
high_snr_analog,0.337890625,0.0037045221775770187,0.0007103429664653643,5
high_snr_analog,0.33984375,0.0037525412626564503,0.0006629388502316524,5
high_snr_analog,0.341796875,0.0036638830322772266,0.0006394720678431855,5
high_snr_analog,0.34375,0.0035844569560140372,0.0006227916968403026,5
high_snr_analog,0.345703125,0.0036398009862750767,0.0005960832197262753,5
high_snr_analog,0.34765625,0.0036641049198806288,0.0005762109440099439,5
high_snr_analog,0.349609375,0.0035450748167932034,0.0005762463729507547,5
high_snr_analog,0.3515625,0.0034731990657746793,0.0005757591442288444,5
high_snr_analog,0.353515625,0.0035740827210247517,0.000560452765385227,5
high_snr_analog,0.35546875,0.0036558683961629866,0.0005762206700991759,5
high_snr_analog,0.357421875,0.0035800480283796786,0.0006253782746328837,5
high_snr_analog,0.359375,0.003510271292179823,0.0006410457974902971,5
high_snr_analog,0.361328125,0.0035444059874862434,0.0006110098433362005,5
high_snr_analog,0.36328125,0.0034928258042782544,0.000598956167648973,5
high_snr_analog,0.365234375,0.003280283883213997,0.0006284244305871272,5
high_snr_analog,0.3671875,0.0031638919841498136,0.0006566491005523242,5
high_snr_analog,0.369140625,0.0032756178174167872,0.0006659952285778611,5
high_snr_analog,0.37109375,0.00334741435945034,0.0006711747913337314,5
high_snr_analog,0.373046875,0.003177452180534601,0.0006773667749067431,5
high_snr_analog,0.375,0.0029774710536003115,0.000683949204179212,5
high_snr_analog,0.376953125,0.0029640867840498688,0.0006791133522661933,5
high_snr_analog,0.37890625,0.0029916815925389527,0.00066965839343729,5
high_snr_analog,0.380859375,0.0028940069023519754,0.000674543887692599,5
high_snr_analog,0.3828125,0.0028153338469564916,0.0006993502229886448,5
high_snr_analog,0.384765625,0.0028911292552947997,0.0007264851781689397,5
high_snr_analog,0.38671875,0.0029542701784521343,0.000748155922870604,5
high_snr_analog,0.388671875,0.002864895248785615,0.0007802544397783176,5
high_snr_analog,0.390625,0.00279431720264256,0.0008392451885627323,5
high_snr_analog,0.392578125,0.0028881501872092485,0.0009155624023832192,5
high_snr_analog,0.39453125,0.0029789411928504705,0.0009770750715849751,5
high_snr_analog,0.396484375,0.002914714440703392,0.0010022128380551849,5
high_snr_analog,0.3984375,0.0028421478811651467,0.001009788771717614,5
high_snr_analog,0.400390625,0.0028916306560859083,0.00102408758252353,5
high_snr_analog,0.40234375,0.0029161063022911547,0.001037256784380407,5
high_snr_analog,0.404296875,0.0028113019187003376,0.0010249849423216838,5
high_snr_analog,0.40625,0.002757346606813371,0.0010048602741780197,5
high_snr_analog,0.408203125,0.0028738226974382997,0.0010100248511313087,5
high_snr_analog,0.41015625,0.0029718425124883653,0.0010387381159757912,5
high_snr_analog,0.412109375,0.0029129564529284833,0.001066980763280127,5
high_snr_analog,0.4140625,0.0028731386177241803,0.001079307828162566,5
high_snr_analog,0.416015625,0.002987137669697404,0.001073219806148064,5
high_snr_analog,0.41796875,0.00307864248752594,0.0010515725770886435,5
high_snr_analog,0.419921875,0.0030132449697703122,0.0010263380834899547,5
high_snr_analog,0.421875,0.0029708854388445618,0.0010165477742173795,5
high_snr_analog,0.423828125,0.003093525068834424,0.0010278986987010117,5
high_snr_analog,0.42578125,0.0032102721743285656,0.0010601069247441201,5
high_snr_analog,0.427734375,0.0031891569495201113,0.0011169349827383792,5
high_snr_analog,0.4296875,0.0032088533975183965,0.0011906964217700557,5
high_snr_analog,0.431640625,0.003391970321536064,0.0012525518285422198,5
high_snr_analog,0.43359375,0.003518175194039941,0.0012773098733089732,5
high_snr_analog,0.435546875,0.003403994161635637,0.001260099996788521,5
high_snr_analog,0.4375,0.003232583776116371,0.001211539884697312,5
high_snr_analog,0.439453125,0.003204985521733761,0.0011385121263550223,5
high_snr_analog,0.44140625,0.003195315832272172,0.0010549486071429444,5
high_snr_analog,0.443359375,0.0030588613357394935,0.0009754648210968604,5
high_snr_analog,0.4453125,0.0029548495076596737,0.0009215898778797503,5
high_snr_analog,0.447265625,0.003040907811373472,0.0008971235057744657,5
high_snr_analog,0.44921875,0.003149901144206524,0.0008815138129018529,5
high_snr_analog,0.451171875,0.0030879261903464794,0.0008558898066010569,5
high_snr_analog,0.453125,0.002970345737412572,0.0008197074442219906,5
high_snr_analog,0.455078125,0.0029617436695843933,0.0007802477787367882,5
high_snr_analog,0.45703125,0.0029633491300046443,0.0007396397383339141,5
high_snr_analog,0.458984375,0.0028530056588351727,0.0006943259726908637,5
high_snr_analog,0.4609375,0.0027604580856859682,0.0006481157455459523,5
high_snr_analog,0.462890625,0.002816207939758897,0.0006085729544894102,5
high_snr_analog,0.46484375,0.002889666659757495,0.0005839851021436614,5
high_snr_analog,0.466796875,0.002842974429950118,0.0005762558720958732,5
high_snr_analog,0.46875,0.002778713637962937,0.0005771420423453179,5
high_snr_analog,0.470703125,0.0027907293289899824,0.0005719420375292377,5
high_snr_analog,0.47265625,0.0027561608701944353,0.0005508739049239987,5
high_snr_analog,0.474609375,0.0026176997926086187,0.0005245462187281274,5
high_snr_analog,0.4765625,0.002568968525156379,0.0005256013256037408,5
high_snr_analog,0.478515625,0.002710757590830326,0.0005587835084833988,5
high_snr_analog,0.48046875,0.0028339657466858624,0.0005921724754309378,5
high_snr_analog,0.482421875,0.0027937589213252066,0.0005979338565620881,5
high_snr_analog,0.484375,0.002774316957220435,0.0005879970291796028,5
high_snr_analog,0.486328125,0.0029221099801361563,0.0005869455059411436,5
high_snr_analog,0.48828125,0.003053594660013914,0.0006036483669716569,5
high_snr_analog,0.490234375,0.003008444374427199,0.0006233930648822287,5
high_snr_analog,0.4921875,0.0029592106118798258,0.0006299018880387026,5
high_snr_analog,0.494140625,0.0030734804458916187,0.0006287795491281759,5
high_snr_analog,0.49609375,0.0031925539951771498,0.0006434445679291597,5
high_snr_analog,0.498046875,0.0031486657448112965,0.000675280600643702,5
high_snr_analog,0.5,0.0030841568484902384,0.0006940391235384243,5
high_snr_digital,0.0,1.0,0.0,5
high_snr_digital,0.001953125,0.8838176131248474,0.01120584847839179,5
high_snr_digital,0.00390625,0.6210860490798951,0.03343759557344022,5
high_snr_digital,0.005859375,0.3820600569248199,0.04636235600313646,5
high_snr_digital,0.0078125,0.2649811953306198,0.043265383430601836,5
high_snr_digital,0.009765625,0.24417350590229034,0.033701835134322934,5
high_snr_digital,0.01171875,0.24652175307273866,0.028455217226312928,5
high_snr_digital,0.013671875,0.23511213958263397,0.028561517940128615,5
high_snr_digital,0.015625,0.21570987105369568,0.02787929919112175,5
high_snr_digital,0.017578125,0.20070710480213166,0.023953838560594003,5
high_snr_digital,0.01953125,0.19208168387413024,0.01986174243656802,5
high_snr_digital,0.021484375,0.18698069155216218,0.018651619680740653,5
high_snr_digital,0.0234375,0.18179425299167634,0.019040150590993996,5
high_snr_digital,0.025390625,0.17303522527217866,0.01793946890612019,5
high_snr_digital,0.02734375,0.1619713008403778,0.015160222432000107,5
high_snr_digital,0.029296875,0.15481081902980803,0.01337869199536011,5
high_snr_digital,0.03125,0.1537959724664688,0.013767837213848146,5
high_snr_digital,0.033203125,0.15312012732028962,0.014548626190948927,5
high_snr_digital,0.03515625,0.14762520492076875,0.014371957372591254,5
high_snr_digital,0.037109375,0.14012086391448975,0.013737002017892741,5
high_snr_digital,0.0390625,0.13593265861272813,0.01339654707212219,5
high_snr_digital,0.041015625,0.13519742488861083,0.013610464626406731,5
high_snr_digital,0.04296875,0.13469615280628205,0.014489950937476053,5
high_snr_digital,0.044921875,0.13288457840681075,0.015795830866415048,5
high_snr_digital,0.046875,0.129151850938797,0.01654006399087164,5
high_snr_digital,0.048828125,0.12203115075826645,0.016458167707826248,5
high_snr_digital,0.05078125,0.11193915605545043,0.016252298769922024,5
high_snr_digital,0.052734375,0.10247878283262253,0.016324376849161496,5
high_snr_digital,0.0546875,0.09598044604063034,0.01638484581960913,5
high_snr_digital,0.056640625,0.09080439358949662,0.016520768573437962,5
high_snr_digital,0.05859375,0.0852487213909626,0.017267384876977925,5
high_snr_digital,0.060546875,0.08030755370855332,0.018363721899678578,5
high_snr_digital,0.0625,0.07618958204984665,0.018403122900556082,5
high_snr_digital,0.064453125,0.07037908285856247,0.016738153644575468,5
high_snr_digital,0.06640625,0.06220116540789604,0.014480930147621677,5
high_snr_digital,0.068359375,0.05531658828258514,0.012920519759809854,5
high_snr_digital,0.0703125,0.052349111437797545,0.011967247595910986,5
high_snr_digital,0.072265625,0.05074432119727135,0.010859478429411871,5
high_snr_digital,0.07421875,0.04740519821643829,0.009668561283477107,5
high_snr_digital,0.076171875,0.04377304017543793,0.008936342673728321,5
high_snr_digital,0.078125,0.04243701994419098,0.008601278059363041,5
high_snr_digital,0.080078125,0.04204831421375275,0.008135801113727695,5
high_snr_digital,0.08203125,0.039911960065364835,0.007502063285368502,5
high_snr_digital,0.083984375,0.03695432431995869,0.007126852688162999,5
high_snr_digital,0.0859375,0.03576824627816677,0.0069835518684497385,5
high_snr_digital,0.087890625,0.035834244638681415,0.006751886436925665,5
high_snr_digital,0.08984375,0.03487169519066811,0.0064332396196866955,5
high_snr_digital,0.091796875,0.03315626569092274,0.006306180670566534,5
high_snr_digital,0.09375,0.03239447958767414,0.006160654769777494,5
high_snr_digital,0.095703125,0.03182762674987316,0.00569773076112193,5
high_snr_digital,0.09765625,0.02957141660153866,0.005015383595503459,5
high_snr_digital,0.099609375,0.02665604054927826,0.004566074114005774,5
high_snr_digital,0.1015625,0.025635484606027603,0.004336457225090253,5
high_snr_digital,0.103515625,0.025981087237596512,0.004037832410029889,5
high_snr_digital,0.10546875,0.02492624968290329,0.003619830118582503,5
high_snr_digital,0.107421875,0.022495561465620994,0.0033156843141421382,5
high_snr_digital,0.109375,0.021588266640901566,0.003166947388606163,5
high_snr_digital,0.111328125,0.022752266749739646,0.0030825517183864664,5
high_snr_digital,0.11328125,0.022798119112849236,0.003024745792857078,5
high_snr_digital,0.115234375,0.02009020037949085,0.0028338659350128324,5
high_snr_digital,0.1171875,0.01864285469055176,0.0028541006630119726,5
high_snr_digital,0.119140625,0.02505200169980526,0.004532848221815951,5
high_snr_digital,0.12109375,0.04158061370253563,0.009335892598202373,5
high_snr_digital,0.123046875,0.06197712793946266,0.015872927637265076,5
high_snr_digital,0.125,0.0738784708082676,0.020222992243309347,5
high_snr_digital,0.126953125,0.06776508092880248,0.01911115191913345,5
high_snr_digital,0.12890625,0.04626881815493107,0.013147850979202902,5
high_snr_digital,0.130859375,0.023431345261633395,0.0064769377504292165,5
high_snr_digital,0.1328125,0.011941185221076012,0.0028944142886858635,5
high_snr_digital,0.134765625,0.011793425306677818,0.0026742053260754867,5
high_snr_digital,0.13671875,0.013738915137946606,0.00334142178007752,5
high_snr_digital,0.138671875,0.011847284063696862,0.0029921651732908697,5
high_snr_digital,0.140625,0.008367095608264208,0.001982324437507655,5
high_snr_digital,0.142578125,0.007076785992830991,0.0014643712636787532,5
high_snr_digital,0.14453125,0.007389798387885093,0.0015232546203652983,5
high_snr_digital,0.146484375,0.006874674931168556,0.0014731608077012714,5
high_snr_digital,0.1484375,0.005544189084321261,0.0011449456416354664,5
high_snr_digital,0.150390625,0.0048546161968261005,0.0009198232274035788,5
high_snr_digital,0.15234375,0.004805715288966894,0.0008900494440485079,5
high_snr_digital,0.154296875,0.004471305012702942,0.0008024734841206043,5
high_snr_digital,0.15625,0.003940554615110159,0.0006575168601586379,5
high_snr_digital,0.158203125,0.0038214541506022214,0.0005975867828513672,5
high_snr_digital,0.16015625,0.0038778156973421573,0.0006257931127833501,5
high_snr_digital,0.162109375,0.0036183622665703296,0.0005775263666859964,5
high_snr_digital,0.1640625,0.0033256840892136098,0.0005303882959739282,5
high_snr_digital,0.166015625,0.0033614644315093757,0.0005409742190570286,5
high_snr_digital,0.16796875,0.0033389071468263865,0.0005401533935062162,5
high_snr_digital,0.169921875,0.0029330350924283268,0.0004058780207357414,5
high_snr_digital,0.171875,0.002619555313140154,0.00028025290715148743,5
high_snr_digital,0.173828125,0.0027667855843901633,0.00030804117502114683,5
high_snr_digital,0.17578125,0.0028832350857555867,0.00037008562825391886,5
high_snr_digital,0.177734375,0.0025474748108536005,0.000302144948649993,5
high_snr_digital,0.1796875,0.0022083760239183904,0.00021021635541248714,5
high_snr_digital,0.181640625,0.0023110371083021166,0.0002110248690487191,5
high_snr_digital,0.18359375,0.0024725097231566907,0.00027158513172199434,5
high_snr_digital,0.185546875,0.002258408023044467,0.0002737507335969482,5
high_snr_digital,0.1875,0.001983857969753444,0.00024098921315922133,5
high_snr_digital,0.189453125,0.0020321929594501855,0.00019225584259821652,5
high_snr_digital,0.19140625,0.0021147562889382242,0.0001637407335994102,5
high_snr_digital,0.193359375,0.0018896841211244464,0.00013980836922940345,5
high_snr_digital,0.1953125,0.001640186714939773,0.00013636393148238238,5
high_snr_digital,0.197265625,0.0016968235140666366,0.0001188127418471642,5
high_snr_digital,0.19921875,0.0018077095737680793,9.667896296238996e-05,5
high_snr_digital,0.201171875,0.0016726943897083402,9.763429870204741e-05,5
high_snr_digital,0.203125,0.0015184972900897265,0.0001329012557572928,5
high_snr_digital,0.205078125,0.001600887393578887,0.0001341081363937964,5
high_snr_digital,0.20703125,0.0016928705153986812,0.00012317805258431995,5
high_snr_digital,0.208984375,0.0015663221944123506,0.00012736902537990622,5
high_snr_digital,0.2109375,0.001446238369680941,0.0001270712115974226,5
high_snr_digital,0.212890625,0.001530243968591094,0.00011143081909845414,5
high_snr_digital,0.21484375,0.0015816179336979985,0.0001154870855106034,5
high_snr_digital,0.216796875,0.0014203956816345453,0.000125486228775269,5
high_snr_digital,0.21875,0.0012987902853637933,0.00013511269312975585,5
high_snr_digital,0.220703125,0.0013955604750663041,0.00011528891948317361,5
high_snr_digital,0.22265625,0.001455554715357721,0.00011331385601548482,5
high_snr_digital,0.224609375,0.0013037022901698947,0.00011100539140529446,5
high_snr_digital,0.2265625,0.0011978033231571316,0.00012707160432307073,5
high_snr_digital,0.228515625,0.0013105742866173387,0.00014885819282712753,5
high_snr_digital,0.23046875,0.0013800441520288587,0.00016474646723123776,5
high_snr_digital,0.232421875,0.0012294285697862506,0.0001318068957437263,5
high_snr_digital,0.234375,0.0011196604347787798,0.00012542280733535,5
high_snr_digital,0.236328125,0.001231616549193859,0.00014130547609589151,5
high_snr_digital,0.23828125,0.001305718836374581,0.00015006946441043474,5
high_snr_digital,0.240234375,0.0011551134288311006,0.00012539574189616856,5
high_snr_digital,0.2421875,0.001046737900469452,0.0001415499176853065,5
high_snr_digital,0.244140625,0.001209604658652097,0.0001661793330627721,5
high_snr_digital,0.24609375,0.0014249765081331134,0.00021381463100777755,5
high_snr_digital,0.248046875,0.0014536166796460747,0.0002447241493614019,5
high_snr_digital,0.25,0.0014279667288064958,0.00025518736199541225,5
high_snr_digital,0.251953125,0.0014870472718030215,0.00025344990546063474,5
high_snr_digital,0.25390625,0.0014572211308404802,0.000220422269934457,5
high_snr_digital,0.255859375,0.0012292471481487155,0.00016031980959696019,5
high_snr_digital,0.2578125,0.001041863893624395,0.00013829801982713329,5
high_snr_digital,0.259765625,0.0010707509936764836,0.0001367508097745217,5
high_snr_digital,0.26171875,0.0011228827643208206,0.0001325198436459653,5
high_snr_digital,0.263671875,0.001029378769453615,0.0001196926223840988,5
high_snr_digital,0.265625,0.0009529511677101255,0.00010687912116919347,5
high_snr_digital,0.267578125,0.0010263753938488662,0.00010779592198444094,5
high_snr_digital,0.26953125,0.0010736076510511339,0.0001157101851648011,5
high_snr_digital,0.271484375,0.00096580118406564,0.00010616345821400712,5
high_snr_digital,0.2734375,0.000879214657470584,9.813111478604944e-05,5
high_snr_digital,0.275390625,0.0009375683730468154,9.866852721631664e-05,5
high_snr_digital,0.27734375,0.0009670381899923086,9.672949948574172e-05,5
high_snr_digital,0.279296875,0.0008535410626791418,8.763839416890805e-05,5
high_snr_digital,0.28125,0.0007739556953310966,8.39401309241082e-05,5
high_snr_digital,0.283203125,0.0008351997472345829,7.77937334907201e-05,5
high_snr_digital,0.28515625,0.0008552115992642939,7.158668141264471e-05,5
high_snr_digital,0.287109375,0.000733576959464699,6.785056607842518e-05,5
high_snr_digital,0.2890625,0.0006653046933934092,7.486917595567447e-05,5
high_snr_digital,0.291015625,0.0007576369680464268,8.022461538937985e-05,5
high_snr_digital,0.29296875,0.0008109114598482848,8.14735284180957e-05,5
high_snr_digital,0.294921875,0.0007091654115356505,8.379890056860057e-05,5
high_snr_digital,0.296875,0.0006502400035969913,9.106094304388026e-05,5
high_snr_digital,0.298828125,0.0007540251011960208,8.888053264055749e-05,5
high_snr_digital,0.30078125,0.0008187956642359495,8.336723649140571e-05,5
high_snr_digital,0.302734375,0.0007089173654094338,8.248408344093148e-05,5
high_snr_digital,0.3046875,0.0006170093896798789,9.439859472191984e-05,5
high_snr_digital,0.306640625,0.0006938739796169102,9.865216357189205e-05,5
high_snr_digital,0.30859375,0.0007731024408712984,0.00010028112940889663,5
high_snr_digital,0.310546875,0.000710228644311428,0.0001092937727593826,5
high_snr_digital,0.3125,0.0006516582914628088,0.00013100794755961396,5
high_snr_digital,0.314453125,0.0007217876613140106,0.00013068480982005227,5
high_snr_digital,0.31640625,0.0007759532309137285,0.00011958334434215915,5
high_snr_digital,0.318359375,0.0007053042761981487,0.00012031489337390594,5
high_snr_digital,0.3203125,0.0006640570121817291,0.00013958277979929734,5
high_snr_digital,0.322265625,0.0007580957841128111,0.0001550047766267466,5
high_snr_digital,0.32421875,0.0008221346070058644,0.00016183956925867058,5
high_snr_digital,0.326171875,0.0007353619206696749,0.00016522207553071298,5
high_snr_digital,0.328125,0.0006512164953164756,0.0001618325753627405,5
high_snr_digital,0.330078125,0.0006926201051101089,0.00015014868159185014,5
high_snr_digital,0.33203125,0.0007231593248434365,0.00013658158432852482,5
high_snr_digital,0.333984375,0.0006366676767356694,0.00012607843478661172,5
high_snr_digital,0.3359375,0.0005728742573410273,0.00011602541657462527,5
high_snr_digital,0.337890625,0.0006335594342090189,0.0001007997446453457,5
high_snr_digital,0.33984375,0.0006806303048506379,9.705665077081716e-05,5
high_snr_digital,0.341796875,0.000620545051060617,0.0001040036429943889,5
high_snr_digital,0.34375,0.0005938496964517981,0.0001106380228745878,5
high_snr_digital,0.345703125,0.0006831291248090565,0.00010693680352161255,5
high_snr_digital,0.34765625,0.0007293882546946407,0.00010697260072316909,5
high_snr_digital,0.349609375,0.0006359875085763633,0.00010998086319084767,5
high_snr_digital,0.3515625,0.0005599788157269359,9.66293594855828e-05,5
high_snr_digital,0.353515625,0.000608076632488519,6.852453181156634e-05,5
high_snr_digital,0.35546875,0.0006386975524947047,6.237671753067489e-05,5
high_snr_digital,0.357421875,0.0005570044624619186,7.449504366451363e-05,5
high_snr_digital,0.359375,0.0005069782200735062,7.359933301789098e-05,5
high_snr_digital,0.361328125,0.0005766541347838938,4.8320868136164144e-05,5
high_snr_digital,0.36328125,0.0006120560225099325,4.3414950001219314e-05,5
high_snr_digital,0.365234375,0.0005209103517699986,5.4176028269828154e-05,5
high_snr_digital,0.3671875,0.00046430787770077584,5.534635026579037e-05,5
high_snr_digital,0.369140625,0.0005476703750900924,3.367251244732866e-05,5
high_snr_digital,0.37109375,0.0006151024368591607,3.0367101509429818e-05,5
high_snr_digital,0.373046875,0.0005512227129656821,4.5771355095050355e-05,5
high_snr_digital,0.375,0.0004965086234733462,5.617003631757543e-05,5
high_snr_digital,0.376953125,0.0005600264412350953,4.460051140080431e-05,5
high_snr_digital,0.37890625,0.0006047543487511575,3.6132800971115584e-05,5
high_snr_digital,0.380859375,0.0005240333848632872,4.8842443082477634e-05,5
high_snr_digital,0.3828125,0.0004528658697381616,6.773948878737166e-05,5
high_snr_digital,0.384765625,0.000499941228190437,7.116717317888907e-05,5
high_snr_digital,0.38671875,0.0005401189322583377,7.090266946344596e-05,5
high_snr_digital,0.388671875,0.00047259569400921465,7.570668327125996e-05,5
high_snr_digital,0.390625,0.0004193617030978203,8.206798643253465e-05,5
high_snr_digital,0.392578125,0.0004730943182948977,7.758061703462233e-05,5
high_snr_digital,0.39453125,0.0005109962716232985,6.994477716917422e-05,5
high_snr_digital,0.396484375,0.0004471884574741125,7.219060442024528e-05,5
high_snr_digital,0.3984375,0.0004074722703080624,7.548887549644046e-05,5
high_snr_digital,0.400390625,0.00047139423550106584,7.690199656488167e-05,5
high_snr_digital,0.40234375,0.0005059560935478657,7.63855736186206e-05,5
high_snr_digital,0.404296875,0.00043350975611247124,7.824071627277331e-05,5
high_snr_digital,0.40625,0.0003952733473852277,8.357267564331397e-05,5
high_snr_digital,0.408203125,0.00047229206538759174,8.136362268107664e-05,5
high_snr_digital,0.41015625,0.000518210680456832,8.05398852677532e-05,5
high_snr_digital,0.412109375,0.0004462155280634761,8.354852255753353e-05,5
high_snr_digital,0.4140625,0.0004032688739243895,0.00010000828041719273,5
high_snr_digital,0.416015625,0.0004799043177627027,0.00010908568790212543,5
high_snr_digital,0.41796875,0.0005298583360854537,0.00010356870018307731,5
high_snr_digital,0.419921875,0.0004615859885234386,9.248020217311105e-05,5
high_snr_digital,0.421875,0.00042303783120587466,9.408218922363005e-05,5
high_snr_digital,0.423828125,0.0005078533838968724,9.824955231470087e-05,5
high_snr_digital,0.42578125,0.0005658122187014669,0.00010014529204633587,5
high_snr_digital,0.427734375,0.000500462536001578,9.503608465302522e-05,5
high_snr_digital,0.4296875,0.0004660662438254803,0.00010513995403410796,5
high_snr_digital,0.431640625,0.0005652203632052988,0.0001073161619926174,5
high_snr_digital,0.43359375,0.0006382162566296757,0.00010743586431704417,5
high_snr_digital,0.435546875,0.0005653216736391187,0.00010397567859750273,5
high_snr_digital,0.4375,0.0004959475074429065,0.00010521636743233017,5
high_snr_digital,0.439453125,0.0005578349635470658,0.00010477896806072169,5
high_snr_digital,0.44140625,0.000614374759607017,0.00010616833378257748,5
high_snr_digital,0.443359375,0.0005367300298530608,9.740944164580414e-05,5
high_snr_digital,0.4453125,0.0004506428667809814,9.080985972129252e-05,5
high_snr_digital,0.447265625,0.0004841705958824605,7.63919530156727e-05,5
high_snr_digital,0.44921875,0.0005261661601252854,7.072132229004748e-05,5
high_snr_digital,0.451171875,0.0004622017440851778,7.110289694595605e-05,5
high_snr_digital,0.453125,0.00040238124784082175,7.525416181467713e-05,5
high_snr_digital,0.455078125,0.00045170155353844164,6.42636427748019e-05,5
high_snr_digital,0.45703125,0.000496289087459445,4.888813206809837e-05,5
high_snr_digital,0.458984375,0.00043528713285923004,3.8852123005135645e-05,5
high_snr_digital,0.4609375,0.0003856005030684173,4.443189442865274e-05,5
high_snr_digital,0.462890625,0.0004447639046702534,3.848493724293696e-05,5
high_snr_digital,0.46484375,0.000491009623510763,4.26034628504463e-05,5
high_snr_digital,0.466796875,0.0004264256276655942,5.313886517350373e-05,5
high_snr_digital,0.46875,0.00037516031297855077,6.581658992719926e-05,5
high_snr_digital,0.470703125,0.000434627482900396,6.360531470611723e-05,5
high_snr_digital,0.47265625,0.00047806932707317173,6.224966612480638e-05,5
high_snr_digital,0.474609375,0.0004108255263417959,6.116112528385196e-05,5
high_snr_digital,0.4765625,0.00036985299084335566,6.621297583247557e-05,5
high_snr_digital,0.478515625,0.00045761424698866906,6.329289457139088e-05,5
high_snr_digital,0.48046875,0.0005323723133187741,6.314345993580846e-05,5
high_snr_digital,0.482421875,0.00047831996344029906,5.4280558304634385e-05,5
high_snr_digital,0.484375,0.0004288156575057656,5.1684606354868166e-05,5
high_snr_digital,0.486328125,0.0005018408061005175,4.465358296697129e-05,5
high_snr_digital,0.48828125,0.000570144469384104,4.415707248414285e-05,5
high_snr_digital,0.490234375,0.0005193656601477414,4.956666090247975e-05,5
high_snr_digital,0.4921875,0.00047826048103161156,5.042269938753863e-05,5
high_snr_digital,0.494140625,0.0005606339662335813,2.3734864135214712e-05,5
high_snr_digital,0.49609375,0.0006320807617157698,3.228237704573537e-05,5
high_snr_digital,0.498046875,0.0005703228060156107,1.7581049034899123e-05,5
high_snr_digital,0.5,0.0005071616498753429,5.905931190834781e-06,5
low_snr_analog,0.0,1.0,0.0,5
low_snr_analog,0.001953125,0.8115384578704834,0.0033580002577327903,5
low_snr_analog,0.00390625,0.4253677010536194,0.009897506837004806,5
low_snr_analog,0.005859375,0.15710988640785217,0.019092603188150578,5
low_snr_analog,0.0078125,0.10557370036840438,0.02683861244594598,5
low_snr_analog,0.009765625,0.13170300126075746,0.02360437395145071,5
low_snr_analog,0.01171875,0.11557370871305465,0.014850552203084904,5
low_snr_analog,0.013671875,0.08278932720422745,0.013752085016290924,5
low_snr_analog,0.015625,0.08449102714657783,0.020442297962182998,5
low_snr_analog,0.017578125,0.09531556814908981,0.021500591251104945,5
low_snr_analog,0.01953125,0.07859532088041306,0.014276157493122606,5
low_snr_analog,0.021484375,0.05755074694752693,0.00977305414047012,5
low_snr_analog,0.0234375,0.06387529522180557,0.013704156966858465,5
low_snr_analog,0.025390625,0.07725187763571739,0.017752536990197597,5
low_snr_analog,0.02734375,0.06706696972250939,0.014405669804340798,5
low_snr_analog,0.029296875,0.048482496291399,0.00917890269962018,5
low_snr_analog,0.03125,0.05038875192403793,0.009560965386278562,5
low_snr_analog,0.033203125,0.06272228285670281,0.012945077893747547,5
low_snr_analog,0.03515625,0.05911218374967575,0.012349494354109408,5
low_snr_analog,0.037109375,0.04530360922217369,0.008796225649988724,5
low_snr_analog,0.0390625,0.04457585364580154,0.00776596683274029,5
low_snr_analog,0.041015625,0.054375281929969786,0.009980146797136394,5
low_snr_analog,0.04296875,0.054468031227588656,0.010685343319898535,5
low_snr_analog,0.044921875,0.04466470032930374,0.008962830336882844,5
low_snr_analog,0.046875,0.04128388538956642,0.007495816715745843,5
low_snr_analog,0.048828125,0.04539329037070274,0.00791348266491456,5
low_snr_analog,0.05078125,0.043950170278549194,0.00836908736511368,5
low_snr_analog,0.052734375,0.03629583865404129,0.007780774543456513,5
low_snr_analog,0.0546875,0.03369234390556812,0.007144108211819768,5
low_snr_analog,0.056640625,0.03666466698050499,0.007252588979580501,5
low_snr_analog,0.05859375,0.03534350506961346,0.0074092056382845444,5
low_snr_analog,0.060546875,0.029326315969228745,0.007141074354279359,5
low_snr_analog,0.0625,0.027399082109332083,0.006797098557543246,5
low_snr_analog,0.064453125,0.030031339079141618,0.006425962277491414,5
low_snr_analog,0.06640625,0.02986430563032627,0.00594031004954428,5
low_snr_analog,0.068359375,0.027263851091265678,0.005732203250538408,5
low_snr_analog,0.0703125,0.02915721759200096,0.006019692371716307,5
low_snr_analog,0.072265625,0.03459647856652737,0.006167128858052725,5
low_snr_analog,0.07421875,0.03659273125231266,0.005786635471673493,5
low_snr_analog,0.076171875,0.03624959699809551,0.0054441807565863976,5
low_snr_analog,0.078125,0.04077020287513733,0.005795790613001548,5
low_snr_analog,0.080078125,0.04926640391349792,0.006376002232700877,5
low_snr_analog,0.08203125,0.0542374424636364,0.006612832428828033,5
low_snr_analog,0.083984375,0.05557228773832321,0.007006187426030408,5
low_snr_analog,0.0859375,0.059898442029953,0.00808149337906937,5
low_snr_analog,0.087890625,0.0673449069261551,0.009375382671198081,5
low_snr_analog,0.08984375,0.07188686728477478,0.010143354587313408,5
low_snr_analog,0.091796875,0.07397444620728492,0.010782362384195563,5
low_snr_analog,0.09375,0.08000867217779159,0.011893283426970562,5
low_snr_analog,0.095703125,0.08925511389970779,0.013148996521009015,5
low_snr_analog,0.09765625,0.0935649812221527,0.0136909514071721,5
low_snr_analog,0.099609375,0.09094842970371246,0.013580454535615382,5
low_snr_analog,0.1015625,0.08802448362112045,0.013569125981114056,5
low_snr_analog,0.103515625,0.0878263384103775,0.013659385482648275,5
low_snr_analog,0.10546875,0.08609163761138916,0.013273089202011692,5
low_snr_analog,0.107421875,0.08132038861513138,0.012527066228653596,5
low_snr_analog,0.109375,0.0780447080731392,0.012151078210708571,5
low_snr_analog,0.111328125,0.07763546854257583,0.012164830795121932,5
low_snr_analog,0.11328125,0.07530626282095909,0.01179794612403692,5
low_snr_analog,0.115234375,0.06904228925704955,0.010715051127912005,5
low_snr_analog,0.1171875,0.0630818858742714,0.00954425946924035,5
low_snr_analog,0.119140625,0.059867244213819504,0.00875599773419985,5
low_snr_analog,0.12109375,0.05638353452086449,0.008122361313374024,5
low_snr_analog,0.123046875,0.05111417770385742,0.007431089259280932,5
low_snr_analog,0.125,0.04718732759356499,0.0068919219045072404,5
low_snr_analog,0.126953125,0.04584114700555801,0.0065805209594498185,5
low_snr_analog,0.12890625,0.04367578104138374,0.006212938779902991,5
low_snr_analog,0.130859375,0.03922196552157402,0.005713446660480831,5
low_snr_analog,0.1328125,0.035842344909906385,0.00540835977323759,5
low_snr_analog,0.134765625,0.035335269570350644,0.005271395757184305,5
low_snr_analog,0.13671875,0.03468426391482353,0.004958213982608966,5
low_snr_analog,0.138671875,0.03194484598934651,0.004518979651175227,5
low_snr_analog,0.140625,0.029684028774499892,0.004459456205488988,5
low_snr_analog,0.142578125,0.029743143916130067,0.0048120667246338384,5
low_snr_analog,0.14453125,0.02987196482717991,0.0050863464997982,5
low_snr_analog,0.146484375,0.028389176726341246,0.005070043665815058,5
low_snr_analog,0.1484375,0.027266770601272583,0.005110018693329822,5
low_snr_analog,0.150390625,0.027813412994146348,0.005248228779775388,5
low_snr_analog,0.15234375,0.02790621854364872,0.005009742508802001,5
low_snr_analog,0.154296875,0.02622888870537281,0.004344503674626117,5
low_snr_analog,0.15625,0.024913717061281204,0.0038839962754763,5
low_snr_analog,0.158203125,0.025308961793780328,0.003815453982864501,5
low_snr_analog,0.16015625,0.025262631103396417,0.0036339611591584913,5
low_snr_analog,0.162109375,0.023281725123524666,0.0030860459436281413,5
low_snr_analog,0.1640625,0.021459753066301344,0.002697573579198141,5
low_snr_analog,0.166015625,0.0215511042624712,0.002748641168794743,5
low_snr_analog,0.16796875,0.021798615530133247,0.0027704901079315045,5
low_snr_analog,0.169921875,0.020398604124784468,0.002386297712071636,5
low_snr_analog,0.171875,0.018729738518595697,0.002015929147349224,5
low_snr_analog,0.173828125,0.018408196046948433,0.0020340828256959196,5
low_snr_analog,0.17578125,0.018258735164999963,0.0021074405075102824,5
low_snr_analog,0.177734375,0.016942301392555238,0.0018521633940944313,5
low_snr_analog,0.1796875,0.01576604340225458,0.0016539754956451389,5
low_snr_analog,0.181640625,0.01618515308946371,0.0018213953731256614,5
low_snr_analog,0.18359375,0.017005868814885618,0.0021286776672806663,5
low_snr_analog,0.185546875,0.016632555052638054,0.0023486171117861293,5
low_snr_analog,0.1875,0.01587358582764864,0.002531207492381747,5
low_snr_analog,0.189453125,0.01613638587296009,0.0027259838745145146,5
low_snr_analog,0.19140625,0.01687181107699871,0.0029409570069665837,5
low_snr_analog,0.193359375,0.01704001035541296,0.0032042306191007457,5
low_snr_analog,0.1953125,0.017246777936816216,0.003544525770928271,5
low_snr_analog,0.197265625,0.018344574980437754,0.003823761827358034,5
low_snr_analog,0.19921875,0.019613092020154,0.003936495795323189,5
low_snr_analog,0.201171875,0.020205802470445632,0.003974079388062655,5
low_snr_analog,0.203125,0.020781147852540018,0.004078269740375789,5
low_snr_analog,0.205078125,0.02199496403336525,0.004200040440798741,5
low_snr_analog,0.20703125,0.02297566309571266,0.004183088934023477,5
low_snr_analog,0.208984375,0.022897545620799063,0.0039695497114078365,5
low_snr_analog,0.2109375,0.022512484341859818,0.0036653915809274763,5
low_snr_analog,0.212890625,0.022626413404941557,0.00337324212288849,5
low_snr_analog,0.21484375,0.022591616585850717,0.0030393442922805403,5
low_snr_analog,0.216796875,0.021729211881756784,0.002577747447540839,5
low_snr_analog,0.21875,0.020736225694417954,0.002131480258274958,5
low_snr_analog,0.220703125,0.020324333384633065,0.0020506881048179067,5
low_snr_analog,0.22265625,0.019938090816140175,0.0022056830794094464,5
low_snr_analog,0.224609375,0.019097474962472917,0.002141138238003941,5
low_snr_analog,0.2265625,0.0185226246714592,0.0019016665220670994,5
low_snr_analog,0.228515625,0.018683262541890143,0.00173709410407118,5
low_snr_analog,0.23046875,0.018722235038876534,0.0017105091387217375,5
low_snr_analog,0.232421875,0.018052935227751733,0.0017149389959452345,5
low_snr_analog,0.234375,0.017544399201869964,0.001740203503826239,5
low_snr_analog,0.236328125,0.01787476595491171,0.0017851632032510605,5
low_snr_analog,0.23828125,0.01816943734884262,0.0016791974920126367,5
low_snr_analog,0.240234375,0.017579120770096778,0.0013397515664785437,5
low_snr_analog,0.2421875,0.016857066377997398,0.0009828199722532614,5
low_snr_analog,0.244140625,0.01706000752747059,0.0007460150411769577,5
low_snr_analog,0.24609375,0.017894333600997923,0.0006223738434425123,5
low_snr_analog,0.248046875,0.018568702787160874,0.000592009766877539,5
low_snr_analog,0.25,0.019134992733597755,0.000723428473847966,5
low_snr_analog,0.251953125,0.019837324693799018,0.0009433231008809021,5
low_snr_analog,0.25390625,0.020251127332448958,0.0012103771801826272,5
low_snr_analog,0.255859375,0.020175956562161444,0.0014800863800507233,5
low_snr_analog,0.2578125,0.020326202735304832,0.0017813808007964016,5
low_snr_analog,0.259765625,0.021106818690896034,0.00215369820922351,5
low_snr_analog,0.26171875,0.021733105182647705,0.0025165580876246054,5
low_snr_analog,0.263671875,0.021516908332705496,0.002750358641568527,5
low_snr_analog,0.265625,0.02098580040037632,0.0028490163656564368,5
low_snr_analog,0.267578125,0.020814640820026396,0.0028792697987138917,5
low_snr_analog,0.26953125,0.02070380076766014,0.002871976407527644,5
low_snr_analog,0.271484375,0.020236686617136002,0.002886857991020424,5
low_snr_analog,0.2734375,0.019827932491898535,0.003046385249999338,5
low_snr_analog,0.275390625,0.019903035089373588,0.0033420221493531597,5
low_snr_analog,0.27734375,0.02006831392645836,0.003559344661391706,5
low_snr_analog,0.279296875,0.01990772970020771,0.003558252658223295,5
low_snr_analog,0.28125,0.019677579030394556,0.0034561096878478093,5
low_snr_analog,0.283203125,0.019499918073415758,0.0034075904534295073,5
low_snr_analog,0.28515625,0.01887096241116524,0.003380527870652213,5
low_snr_analog,0.287109375,0.017681322060525417,0.0032545449975629175,5
low_snr_analog,0.2890625,0.016697487980127334,0.0030105403986424896,5
low_snr_analog,0.291015625,0.016326864995062352,0.0027014752790002735,5
low_snr_analog,0.29296875,0.01595313847064972,0.0023542878928210355,5
low_snr_analog,0.294921875,0.015191392228007316,0.0020132283878955496,5
low_snr_analog,0.296875,0.014695949107408523,0.0017608101316630145,5
low_snr_analog,0.298828125,0.014952948503196239,0.0015910229793682494,5
low_snr_analog,0.30078125,0.015348761901259422,0.001394380676367386,5
low_snr_analog,0.302734375,0.01525241658091545,0.0011609746359739425,5
low_snr_analog,0.3046875,0.015015166439116,0.0010098706797847707,5
low_snr_analog,0.306640625,0.01510258112102747,0.0009559492107225741,5
low_snr_analog,0.30859375,0.015222370065748692,0.0008815379277691035,5
low_snr_analog,0.310546875,0.015106344781816005,0.0007891498821422576,5
low_snr_analog,0.3125,0.015195282362401485,0.0008383343149832556,5
low_snr_analog,0.314453125,0.01574915461242199,0.0009680399041243223,5
low_snr_analog,0.31640625,0.0161930562928319,0.0011910780683633368,5
low_snr_analog,0.318359375,0.016116990149021147,0.0014889823705316254,5
low_snr_analog,0.3203125,0.016032378561794756,0.0017181128811671815,5
low_snr_analog,0.322265625,0.016395610943436622,0.0018293979367114202,5
low_snr_analog,0.32421875,0.016776222549378873,0.0019423772115270358,5
low_snr_analog,0.326171875,0.01673425640910864,0.0021497295480446483,5
low_snr_analog,0.328125,0.016638137772679328,0.0023948553581774404,5
low_snr_analog,0.330078125,0.016862535290420054,0.0025757003808336994,5
low_snr_analog,0.33203125,0.01702325716614723,0.0026423691710857253,5
low_snr_analog,0.333984375,0.01674317233264446,0.0026077107375536666,5
low_snr_analog,0.3359375,0.016364924795925617,0.002542162328780609,5
low_snr_analog,0.337890625,0.016212745942175387,0.0025088963004701857,5
low_snr_analog,0.33984375,0.015964057110249997,0.0025164253205874113,5
low_snr_analog,0.341796875,0.0154203524813056,0.0025654140384686838,5
low_snr_analog,0.34375,0.015063513815402985,0.0026605297298441318,5
low_snr_analog,0.345703125,0.01516507938504219,0.0027936100848364198,5
low_snr_analog,0.34765625,0.015168199688196183,0.0028947107093545924,5
low_snr_analog,0.349609375,0.014638706110417843,0.002885354781229093,5
low_snr_analog,0.3515625,0.014027001708745957,0.0027876562495951405,5
low_snr_analog,0.353515625,0.013817570544779301,0.0026881224810843,5
low_snr_analog,0.35546875,0.013724717125296593,0.0026497962533948284,5
low_snr_analog,0.357421875,0.013401734456419945,0.0026640461144811557,5
low_snr_analog,0.359375,0.013150383718311787,0.0026700577982194753,5
low_snr_analog,0.361328125,0.01323828473687172,0.0026104381157055537,5
low_snr_analog,0.36328125,0.01326769646257162,0.0024929889546444627,5
low_snr_analog,0.365234375,0.012892177514731883,0.002367976977036469,5
low_snr_analog,0.3671875,0.012442379258573055,0.0022681778391457626,5
low_snr_analog,0.369140625,0.012229248508810997,0.0021821377076761683,5
low_snr_analog,0.37109375,0.011968409456312657,0.002089689328017736,5
low_snr_analog,0.373046875,0.011488251201808453,0.0020126722475241297,5
low_snr_analog,0.375,0.011232237517833709,0.002021223635859376,5
low_snr_analog,0.376953125,0.011439840868115425,0.002126079274539914,5
low_snr_analog,0.37890625,0.01159498430788517,0.002244479748241053,5
low_snr_analog,0.380859375,0.011309449374675751,0.002281210189084416,5
low_snr_analog,0.3828125,0.010997350327670574,0.0022813992153840734,5
low_snr_analog,0.384765625,0.011058006808161736,0.002357234020832408,5
low_snr_analog,0.38671875,0.01115593034774065,0.0025268906923001807,5
low_snr_analog,0.388671875,0.010945724882185459,0.0026992252445096052,5
low_snr_analog,0.390625,0.01075668977573514,0.002785253094120378,5
low_snr_analog,0.392578125,0.010906664375215768,0.00276981009088067,5
low_snr_analog,0.39453125,0.011060617305338383,0.0027007752942064147,5
low_snr_analog,0.396484375,0.01091551100835204,0.002662924601237259,5
low_snr_analog,0.3984375,0.010818105284124612,0.0027546320224640783,5
low_snr_analog,0.400390625,0.011065798439085483,0.002961995565422733,5
low_snr_analog,0.40234375,0.011278256308287382,0.0031309891178856225,5
low_snr_analog,0.404296875,0.011089046765118838,0.003146624576504506,5
low_snr_analog,0.40625,0.010804728418588639,0.003078792548361277,5
low_snr_analog,0.408203125,0.010792745649814606,0.003078910831941216,5
low_snr_analog,0.41015625,0.010880182031542063,0.003179971513881756,5
low_snr_analog,0.412109375,0.010914286226034164,0.003318894949085302,5
low_snr_analog,0.4140625,0.011217323131859303,0.0034436851841939424,5
low_snr_analog,0.416015625,0.011911226250231267,0.0035268612729901657,5
low_snr_analog,0.41796875,0.012488006614148617,0.003563883496706599,5
low_snr_analog,0.419921875,0.012622759491205216,0.0035817457546046985,5
low_snr_analog,0.421875,0.012722533196210861,0.0035958800922363163,5
low_snr_analog,0.423828125,0.013123417273163795,0.0035680746425386274,5
low_snr_analog,0.42578125,0.013475195318460465,0.0034828664648091025,5
low_snr_analog,0.427734375,0.013490067981183528,0.0034192843384805334,5
low_snr_analog,0.4296875,0.013545088097453117,0.0034740260426399,5
low_snr_analog,0.431640625,0.01392311453819275,0.003598337323088447,5
low_snr_analog,0.43359375,0.01418913658708334,0.0036667054029423107,5
low_snr_analog,0.435546875,0.013962713629007339,0.0036393491795167657,5
low_snr_analog,0.4375,0.013610570691525936,0.0035679327748683446,5
low_snr_analog,0.439453125,0.01353443656116724,0.003488690004710955,5
low_snr_analog,0.44140625,0.013457684405148029,0.0034295173269232697,5
low_snr_analog,0.443359375,0.013059411197900772,0.0034090100871770478,5
low_snr_analog,0.4453125,0.012642864137887955,0.0033947553809173343,5
low_snr_analog,0.447265625,0.012527363933622837,0.0033222399821522834,5
low_snr_analog,0.44921875,0.012427290342748165,0.003182141302315987,5
low_snr_analog,0.451171875,0.012071503326296806,0.0030411726599709993,5
low_snr_analog,0.453125,0.011795909516513348,0.002952018665957889,5
low_snr_analog,0.455078125,0.01188396792858839,0.002877625132065409,5
low_snr_analog,0.45703125,0.011949516274034977,0.0027421360389421577,5
low_snr_analog,0.458984375,0.01161282416433096,0.0025442509581016966,5
low_snr_analog,0.4609375,0.011184942163527011,0.0023453069963107476,5
low_snr_analog,0.462890625,0.011064999178051949,0.002179702471694399,5
low_snr_analog,0.46484375,0.011057037301361561,0.0020459240283691644,5
low_snr_analog,0.466796875,0.010881384648382664,0.001936296541989233,5
low_snr_analog,0.46875,0.010757787339389323,0.0018617461125010732,5
low_snr_analog,0.470703125,0.010887821018695832,0.001832796243844339,5
low_snr_analog,0.47265625,0.010959976352751255,0.0018235057938201457,5
low_snr_analog,0.474609375,0.010749883577227592,0.0018003906266352006,5
low_snr_analog,0.4765625,0.010615400038659573,0.001807918448231676,5
low_snr_analog,0.478515625,0.010845138505101205,0.0019015080622500347,5
low_snr_analog,0.48046875,0.01113925538957119,0.0020627904806493104,5
low_snr_analog,0.482421875,0.011274655349552631,0.002245990810582044,5
low_snr_analog,0.484375,0.01161197293549776,0.002434090244281061,5
low_snr_analog,0.486328125,0.012364866770803928,0.0026095306246333026,5
low_snr_analog,0.48828125,0.013047417998313904,0.0027122021709606197,5
low_snr_analog,0.490234375,0.013262028805911541,0.0027313275960786252,5
low_snr_analog,0.4921875,0.013377654179930688,0.002772725604066998,5
low_snr_analog,0.494140625,0.013806596770882607,0.002944588144188176,5
low_snr_analog,0.49609375,0.014260878786444664,0.0032285226057362348,5
low_snr_analog,0.498046875,0.01435439456254244,0.0034893996821620697,5
low_snr_analog,0.5,0.014296856708824635,0.0035939825996296852,5
low_snr_digital,0.0,1.0,0.0,5
low_snr_digital,0.001953125,0.8437998414039611,0.00785146671506051,5
low_snr_digital,0.00390625,0.524452668428421,0.025591218256683534,5
low_snr_digital,0.005859375,0.3002180576324463,0.04406083485951238,5
low_snr_digital,0.0078125,0.24453830122947692,0.05313761325341132,5
low_snr_digital,0.009765625,0.2434058666229248,0.04541830727151479,5
low_snr_digital,0.01171875,0.21424396336078644,0.031891588056878674,5
low_snr_digital,0.013671875,0.18950831294059753,0.030571766047721185,5
low_snr_digital,0.015625,0.19927914142608644,0.03953204359391813,5
low_snr_digital,0.017578125,0.20389793813228607,0.04085030897964396,5
low_snr_digital,0.01953125,0.1754127949476242,0.030675385354296158,5
low_snr_digital,0.021484375,0.15050415098667144,0.02361545980046081,5
low_snr_digital,0.0234375,0.1595524489879608,0.027925928082555656,5
low_snr_digital,0.025390625,0.1725047141313553,0.032555554076758815,5
low_snr_digital,0.02734375,0.157000732421875,0.02777363941850947,5
low_snr_digital,0.029296875,0.13452150225639342,0.02043642125341778,5
low_snr_digital,0.03125,0.1365010693669319,0.020603822168007185,5
low_snr_digital,0.033203125,0.14914003908634185,0.024868811739358922,5
low_snr_digital,0.03515625,0.14396654665470124,0.024439694683603873,5
low_snr_digital,0.037109375,0.12873613387346267,0.02032899029476507,5
low_snr_digital,0.0390625,0.12735065519809724,0.01896306983406632,5
low_snr_digital,0.041015625,0.13519562929868698,0.02123010847185783,5
low_snr_digital,0.04296875,0.13226130306720735,0.02217496162624528,5
low_snr_digital,0.044921875,0.12132680863142013,0.02091248586957826,5
low_snr_digital,0.046875,0.11869613826274872,0.020124391405767415,5
low_snr_digital,0.048828125,0.1213589534163475,0.020806226062088817,5
low_snr_digital,0.05078125,0.11428894251585006,0.02098366220324497,5
low_snr_digital,0.052734375,0.0996826246380806,0.01979389136381101,5
low_snr_digital,0.0546875,0.09156663566827775,0.01826718324648205,5
low_snr_digital,0.056640625,0.08977973014116288,0.017093851048223117,5
low_snr_digital,0.05859375,0.08363542407751083,0.01598452847185469,5
low_snr_digital,0.060546875,0.07420751005411148,0.014939338324478102,5
low_snr_digital,0.0625,0.07073259577155114,0.014096531068034091,5
low_snr_digital,0.064453125,0.07099857479333878,0.012843760632986447,5
low_snr_digital,0.06640625,0.0658344142138958,0.011154998336729045,5
low_snr_digital,0.068359375,0.05796564966440201,0.009943526216254401,5
low_snr_digital,0.0703125,0.05754632949829101,0.00966025962270353,5
low_snr_digital,0.072265625,0.06345647946000099,0.009280147805469076,5
low_snr_digital,0.07421875,0.0664893552660942,0.008085859085096524,5
low_snr_digital,0.076171875,0.06683503612875938,0.007105012989667156,5
low_snr_digital,0.078125,0.07174672782421113,0.007528136072450079,5
low_snr_digital,0.080078125,0.07977298647165298,0.008528643184544967,5
low_snr_digital,0.08203125,0.08345979452133179,0.008677879884578374,5
low_snr_digital,0.083984375,0.08442749828100204,0.008487112834848556,5
low_snr_digital,0.0859375,0.0903184711933136,0.009251567601479032,5
low_snr_digital,0.087890625,0.09969679713249206,0.010678758009608458,5
low_snr_digital,0.08984375,0.10495838820934296,0.011559081090828682,5
low_snr_digital,0.091796875,0.10750896632671356,0.012425118456689851,5
low_snr_digital,0.09375,0.1149389311671257,0.014265075560228704,5
low_snr_digital,0.095703125,0.12507447451353074,0.01638210712773719,5
low_snr_digital,0.09765625,0.12802037447690964,0.017193227753411967,5
low_snr_digital,0.099609375,0.123353511095047,0.016731224043982054,5
low_snr_digital,0.1015625,0.12061047106981278,0.016366681642957424,5
low_snr_digital,0.103515625,0.12240538895130157,0.01657744210923751,5
low_snr_digital,0.10546875,0.12127687186002731,0.016558489610274212,5
low_snr_digital,0.107421875,0.1146617665886879,0.0159310210104437,5
low_snr_digital,0.109375,0.10928916186094284,0.015425033165368649,5
low_snr_digital,0.111328125,0.10790133327245713,0.015350197092393086,5
low_snr_digital,0.11328125,0.10415060371160507,0.014933870689846317,5
low_snr_digital,0.115234375,0.0947552889585495,0.01367233600281853,5
low_snr_digital,0.1171875,0.08611681014299392,0.012343595506956772,5
low_snr_digital,0.119140625,0.08441984504461289,0.012005418688664808,5
low_snr_digital,0.12109375,0.08760876804590226,0.013129364102021635,5
low_snr_digital,0.123046875,0.09055883139371872,0.015338247149381956,5
low_snr_digital,0.125,0.09054189622402191,0.01714501544512436,5
low_snr_digital,0.126953125,0.08517445921897888,0.016568540576655678,5
low_snr_digital,0.12890625,0.0729323834180832,0.013280617814400864,5
low_snr_digital,0.130859375,0.05844574272632599,0.009492700386630725,5
low_snr_digital,0.1328125,0.0499141700565815,0.007644287923555759,5
low_snr_digital,0.134765625,0.04864855632185936,0.007819212963209652,5
low_snr_digital,0.13671875,0.047914450615644456,0.008131696827643477,5
low_snr_digital,0.138671875,0.04392589554190636,0.007428590270719062,5
low_snr_digital,0.140625,0.04051852971315384,0.006611476014002908,5
low_snr_digital,0.142578125,0.040665268898010254,0.006524045590252543,5
low_snr_digital,0.14453125,0.04112714007496834,0.006682780378708286,5
low_snr_digital,0.146484375,0.03896387964487076,0.00640054681466657,5
low_snr_digital,0.1484375,0.03652091920375824,0.006045819220190913,5
low_snr_digital,0.150390625,0.036157706007361415,0.005991100191031555,5
low_snr_digital,0.15234375,0.03590722419321537,0.005944904695555373,5
low_snr_digital,0.154296875,0.0340130377560854,0.005548005144377853,5
low_snr_digital,0.15625,0.032478689402341845,0.0052113229779302776,5
low_snr_digital,0.158203125,0.032645833864808085,0.005184305257996171,5
low_snr_digital,0.16015625,0.032129010930657384,0.004936279388285651,5
low_snr_digital,0.162109375,0.029453276842832565,0.004235327576825531,5
low_snr_digital,0.1640625,0.02716929167509079,0.003749396807371389,5
low_snr_digital,0.166015625,0.027164286002516747,0.0038496569701770822,5
low_snr_digital,0.16796875,0.02719883844256401,0.0038775143357756654,5
low_snr_digital,0.169921875,0.025251426547765733,0.0033843201533559036,5
low_snr_digital,0.171875,0.02320941723883152,0.0029595428748138614,5
low_snr_digital,0.173828125,0.023059272766113283,0.003080955740787184,5
low_snr_digital,0.17578125,0.02320500388741493,0.003228871973250545,5
low_snr_digital,0.177734375,0.02178540676832199,0.0028335045174404535,5
low_snr_digital,0.1796875,0.0202207762748003,0.0023241962995285883,5
low_snr_digital,0.181640625,0.020298589393496512,0.0021699350030152664,5
low_snr_digital,0.18359375,0.02079952098429203,0.002286712658329765,5
low_snr_digital,0.185546875,0.020073575153946876,0.0024551987522397896,5
low_snr_digital,0.1875,0.019240863248705865,0.0026678941763886126,5
low_snr_digital,0.189453125,0.019931773841381072,0.002899506858354808,5
low_snr_digital,0.19140625,0.021257315203547476,0.003132047405977768,5
low_snr_digital,0.193359375,0.021695930138230325,0.003426047550128137,5
low_snr_digital,0.1953125,0.021807753294706345,0.0037775771338050953,5
low_snr_digital,0.197265625,0.022648147866129877,0.003989011184099103,5
low_snr_digital,0.19921875,0.02353721298277378,0.003964168043142582,5
low_snr_digital,0.201171875,0.023649915307760238,0.003820967356284728,5
low_snr_digital,0.203125,0.02389683574438095,0.003719659375373733,5
low_snr_digital,0.205078125,0.025154553726315497,0.0036651160498217213,5
low_snr_digital,0.20703125,0.02642638608813286,0.003574507002020972,5
low_snr_digital,0.208984375,0.02661406360566616,0.0034080810774580173,5
low_snr_digital,0.2109375,0.026363017782568932,0.0032199185759265764,5
low_snr_digital,0.212890625,0.02649024911224842,0.00308203076928534,5
low_snr_digital,0.21484375,0.026371130347251893,0.0028737375920691,5
low_snr_digital,0.216796875,0.025465989485383034,0.002464094557444597,5
low_snr_digital,0.21875,0.024680010974407196,0.0020995997577133545,5
low_snr_digital,0.220703125,0.024711883813142776,0.0021672808382959333,5
low_snr_digital,0.22265625,0.024770230799913407,0.0024125763289822117,5
low_snr_digital,0.224609375,0.02426186129450798,0.0023088434138477058,5
low_snr_digital,0.2265625,0.023948097229003908,0.0020488716316297505,5
low_snr_digital,0.228515625,0.02414458356797695,0.0020898364060834658,5
low_snr_digital,0.23046875,0.02369384206831455,0.002249403176448829,5
low_snr_digital,0.232421875,0.022106487303972244,0.0021123672776157732,5
low_snr_digital,0.234375,0.020835326239466666,0.0017850749987345326,5
low_snr_digital,0.236328125,0.020982364565134047,0.0015542764204284603,5
low_snr_digital,0.23828125,0.021554197743535043,0.001377467035267982,5
low_snr_digital,0.240234375,0.02144847922027111,0.0010796222326475134,5
low_snr_digital,0.2421875,0.021387702599167824,0.0008203438336523494,5
low_snr_digital,0.244140625,0.022319453954696655,0.0008332536277359796,5
low_snr_digital,0.24609375,0.023519905284047127,0.0009627657927322402,5
low_snr_digital,0.248046875,0.02388407327234745,0.001036727032148064,5
low_snr_digital,0.25,0.023720866441726683,0.001212607553910231,5
low_snr_digital,0.251953125,0.023824260756373405,0.001560954857029991,5
low_snr_digital,0.25390625,0.024056095629930496,0.0019495438396474412,5
low_snr_digital,0.255859375,0.024170701578259467,0.002291872235099449,5
low_snr_digital,0.2578125,0.024764033779501916,0.0026342874627207067,5
low_snr_digital,0.259765625,0.02609834335744381,0.003027328382664434,5
low_snr_digital,0.26171875,0.02714717611670494,0.003366393907496405,5
low_snr_digital,0.263671875,0.027014630660414696,0.003520274741123075,5
low_snr_digital,0.265625,0.026257627457380295,0.003552390984164579,5
low_snr_digital,0.267578125,0.02580696977674961,0.003616087722609785,5
low_snr_digital,0.26953125,0.025670268386602402,0.0037569802949027455,5
low_snr_digital,0.271484375,0.02556258998811245,0.0039233524316184005,5
low_snr_digital,0.2734375,0.025616009160876273,0.004058783502206549,5
low_snr_digital,0.275390625,0.025616862624883652,0.0041300836309365535,5
low_snr_digital,0.27734375,0.02479093112051487,0.004073766285905736,5
low_snr_digital,0.279296875,0.023191200196743013,0.003931517908414832,5
low_snr_digital,0.28125,0.022047049179673196,0.003905780580484025,5
low_snr_digital,0.283203125,0.021940026059746744,0.003985908773637166,5
low_snr_digital,0.28515625,0.02193131744861603,0.00392584552470639,5
low_snr_digital,0.287109375,0.021256518363952637,0.003619636302783303,5
low_snr_digital,0.2890625,0.020470771566033365,0.0032891562183578553,5
low_snr_digital,0.291015625,0.020074613764882086,0.003149045962320313,5
low_snr_digital,0.29296875,0.019480932503938675,0.003082710650603179,5
low_snr_digital,0.294921875,0.018343422561883926,0.0028301620267516658,5
low_snr_digital,0.296875,0.017517834529280664,0.002436855258493819,5
low_snr_digital,0.298828125,0.0176248200237751,0.0021291070860578578,5
low_snr_digital,0.30078125,0.017923882976174355,0.0019274220538042664,5
low_snr_digital,0.302734375,0.01768319196999073,0.0017118773607728128,5
low_snr_digital,0.3046875,0.01746786292642355,0.0014924360218437746,5
low_snr_digital,0.306640625,0.017980319634079932,0.00139566737935896,5
low_snr_digital,0.30859375,0.018722669780254365,0.0014609639522329607,5
low_snr_digital,0.310546875,0.01890003979206085,0.0016349930222160428,5
low_snr_digital,0.3125,0.018702611327171326,0.0018290057458753978,5
low_snr_digital,0.314453125,0.01871531754732132,0.001941598491395128,5
low_snr_digital,0.31640625,0.018936333432793617,0.0019928255400791265,5
low_snr_digital,0.318359375,0.019219569116830825,0.002128763005179642,5
low_snr_digital,0.3203125,0.01978198029100895,0.0024271106010384544,5
low_snr_digital,0.322265625,0.02049882784485817,0.002787718993423445,5
low_snr_digital,0.32421875,0.02062591090798378,0.003102399044851985,5
low_snr_digital,0.326171875,0.019953733682632445,0.0033263239144032467,5
low_snr_digital,0.328125,0.019312943518161773,0.0034147056075330535,5
low_snr_digital,0.330078125,0.01928739622235298,0.003374409237841943,5
low_snr_digital,0.33203125,0.019410838186740876,0.003329408376161347,5
low_snr_digital,0.333984375,0.019237275794148447,0.003400651206351221,5
low_snr_digital,0.3359375,0.019110862351953983,0.0035885430199159326,5
low_snr_digital,0.337890625,0.019216625764966012,0.0037448853005477628,5
low_snr_digital,0.33984375,0.0190005112439394,0.0037178798158797118,5
low_snr_digital,0.341796875,0.0182631092146039,0.003550831678721113,5
low_snr_digital,0.34375,0.017733902856707572,0.0034470534736152562,5
low_snr_digital,0.345703125,0.017817899212241174,0.0034859033133780894,5
low_snr_digital,0.34765625,0.017850656621158124,0.003526688958251913,5
low_snr_digital,0.349609375,0.01733778789639473,0.0034612707687994176,5
low_snr_digital,0.3515625,0.01684205699712038,0.0033522830122355153,5
low_snr_digital,0.353515625,0.01686177235096693,0.00330885078873419,5
low_snr_digital,0.35546875,0.016904748603701593,0.0033545827443072678,5
low_snr_digital,0.357421875,0.016496420837938786,0.003350342331975556,5
low_snr_digital,0.359375,0.01608150787651539,0.003175744004808426,5
low_snr_digital,0.361328125,0.016089091077446938,0.0029192301906563437,5
low_snr_digital,0.36328125,0.01606826074421406,0.002753982685234292,5
low_snr_digital,0.365234375,0.015572440251708031,0.0027110372512496117,5
low_snr_digital,0.3671875,0.014988545514643192,0.002658048658357386,5
low_snr_digital,0.369140625,0.014715801365673542,0.0025178018771577766,5
low_snr_digital,0.37109375,0.01442805714905262,0.0023319932270391185,5
low_snr_digital,0.373046875,0.013895421661436558,0.002201379907985587,5
low_snr_digital,0.375,0.01362062580883503,0.002232852468983033,5
low_snr_digital,0.376953125,0.01390501968562603,0.002361793992991679,5
low_snr_digital,0.37890625,0.01417070087045431,0.002479512684147428,5
low_snr_digital,0.380859375,0.013944565691053868,0.0025190619813548277,5
low_snr_digital,0.3828125,0.013646791130304337,0.0025377767894424526,5
low_snr_digital,0.384765625,0.013703839480876922,0.0025988491724417643,5
low_snr_digital,0.38671875,0.013763771764934063,0.002664205248326954,5
low_snr_digital,0.388671875,0.013490961119532584,0.002701586025809024,5
low_snr_digital,0.390625,0.013260195776820183,0.0027390854174047766,5
low_snr_digital,0.392578125,0.013367358408868314,0.0027955610153330194,5
low_snr_digital,0.39453125,0.013415594398975373,0.002833946422773095,5
low_snr_digital,0.396484375,0.013154388777911663,0.0028509479822801734,5
low_snr_digital,0.3984375,0.013054326735436916,0.0029504355772086875,5
low_snr_digital,0.400390625,0.013390102796256543,0.0032033847035751895,5
low_snr_digital,0.40234375,0.013636908866465092,0.003465117695296673,5
low_snr_digital,0.404296875,0.01343412734568119,0.0035628768173557313,5
low_snr_digital,0.40625,0.013259650394320487,0.003540963364407061,5
low_snr_digital,0.408203125,0.01349499709904194,0.0035947195912963935,5
low_snr_digital,0.41015625,0.013721564039587974,0.003783215102436417,5
low_snr_digital,0.412109375,0.013605507463216782,0.003945269183225769,5
low_snr_digital,0.4140625,0.013579215668141843,0.00396997324446481,5
low_snr_digital,0.416015625,0.013979083299636841,0.0039470022733619995,5
low_snr_digital,0.41796875,0.014407072961330415,0.004055713747604857,5
low_snr_digital,0.419921875,0.014605994336307049,0.004339004881476307,5
low_snr_digital,0.421875,0.015043788217008114,0.00459397847435531,5
low_snr_digital,0.423828125,0.015941942669451238,0.004563175592396583,5
low_snr_digital,0.42578125,0.0166445828974247,0.004254461544369395,5
low_snr_digital,0.427734375,0.01666788086295128,0.003944445023372276,5
low_snr_digital,0.4296875,0.016492057777941226,0.003820029831303183,5
low_snr_digital,0.431640625,0.0166201526299119,0.003790988509238042,5
low_snr_digital,0.43359375,0.01674976237118244,0.0037321425998175896,5
low_snr_digital,0.435546875,0.01657574400305748,0.0036763422265875876,5
low_snr_digital,0.4375,0.01648997701704502,0.0037011182255562553,5
low_snr_digital,0.439453125,0.016732029803097247,0.003754456389186466,5
low_snr_digital,0.44140625,0.01673437748104334,0.003782465509078841,5
low_snr_digital,0.443359375,0.016089724190533162,0.0037189704347628375,5
low_snr_digital,0.4453125,0.015343115478754044,0.0034837247439016856,5
low_snr_digital,0.447265625,0.015079833567142487,0.0031296259588287313,5
low_snr_digital,0.44921875,0.015031108260154724,0.002834623426025847,5
low_snr_digital,0.451171875,0.014784767851233482,0.0027422474009941183,5
low_snr_digital,0.453125,0.014553767815232276,0.002816433281267887,5
low_snr_digital,0.455078125,0.014540726505219936,0.002834840490151806,5
low_snr_digital,0.45703125,0.01437845267355442,0.0026557519719750057,5
low_snr_digital,0.458984375,0.01390100158751011,0.0023862761245625214,5
low_snr_digital,0.4609375,0.013630042225122452,0.0022311233735422043,5
low_snr_digital,0.462890625,0.013811508193612099,0.0022087069057436077,5
low_snr_digital,0.46484375,0.013842657580971718,0.002182048971793192,5
low_snr_digital,0.466796875,0.013356625847518445,0.002080001026250508,5
low_snr_digital,0.46875,0.012974514812231063,0.002001740599959004,5
low_snr_digital,0.470703125,0.01323369424790144,0.0020639655703968097,5
low_snr_digital,0.47265625,0.013663367182016373,0.0022183550616010276,5
low_snr_digital,0.474609375,0.013705386593937875,0.002339083610156636,5
low_snr_digital,0.4765625,0.013678551651537418,0.0024288399652481114,5
low_snr_digital,0.478515625,0.014026540331542492,0.002549313094261263,5
low_snr_digital,0.48046875,0.014465931057929992,0.002687849763418589,5
low_snr_digital,0.482421875,0.01470373421907425,0.0028034239504334604,5
low_snr_digital,0.484375,0.0151603352278471,0.002943750547314637,5
low_snr_digital,0.486328125,0.016125138103961944,0.003183398515836779,5
low_snr_digital,0.48828125,0.016991349309682845,0.003479980180101319,5
low_snr_digital,0.490234375,0.017199052311480046,0.003730760410250067,5
low_snr_digital,0.4921875,0.017203746177256108,0.003907101599880364,5
low_snr_digital,0.494140625,0.017666649259626865,0.003993456812225652,5
low_snr_digital,0.49609375,0.018377436324954033,0.003927840446801964,5
low_snr_digital,0.498046875,0.01877445764839649,0.0037462237009422065,5
low_snr_digital,0.5,0.01884724199771881,0.003645962705450255,5
