dataset,model,modulation,SNR,n,mean,std
2016.10a,IQFormer,8PSK,-20,5,0.01,0.007905694150420948
2016.10a,IQFormer,8PSK,-18,5,0.007000000000000001,0.004472135954999579
2016.10a,IQFormer,8PSK,-16,5,0.002,0.0027386127875258306
2016.10a,IQFormer,8PSK,-14,5,0.003,0.00447213595499958
2016.10a,IQFormer,8PSK,-12,5,0.006,0.0022360679774997894
2016.10a,IQFormer,8PSK,-10,5,0.012,0.008366600265340756
2016.10a,IQFormer,8PSK,-8,5,0.05500000000000001,0.015811388300841896
2016.10a,IQFormer,8PSK,-6,5,0.17099999999999999,0.027248853186877427
2016.10a,IQFormer,8PSK,-4,5,0.40700000000000003,0.047116875957559
2016.10a,IQFormer,8PSK,-2,5,0.717,0.07546522377890362
2016.10a,IQFormer,8PSK,0,5,0.907,0.016431676725154998
2016.10a,IQFormer,8PSK,2,5,0.9730000000000001,0.009746794344808973
2016.10a,IQFormer,8PSK,4,5,0.9800000000000001,0.006123724356957951
2016.10a,IQFormer,8PSK,6,5,0.992,0.0057008771254956955
2016.10a,IQFormer,8PSK,8,5,0.985,0.0035355339059327407
2016.10a,IQFormer,8PSK,10,5,0.993,0.004472135954999583
2016.10a,IQFormer,8PSK,12,5,0.978,0.005700877125495695
2016.10a,IQFormer,8PSK,14,5,0.9890000000000001,0.002236067977499792
2016.10a,IQFormer,8PSK,16,5,0.99,0.0
2016.10a,IQFormer,8PSK,18,5,0.992,0.004472135954999583
2016.10a,IQFormer,AM-DSB,-20,5,0.048,0.00570087712549569
2016.10a,IQFormer,AM-DSB,-18,5,0.083,0.01151086443322134
2016.10a,IQFormer,AM-DSB,-16,5,0.088,0.01680773631397161
2016.10a,IQFormer,AM-DSB,-14,5,0.177,0.01036822067666386
2016.10a,IQFormer,AM-DSB,-12,5,0.31399999999999995,0.034532593299663995
2016.10a,IQFormer,AM-DSB,-10,5,0.462,0.02683281572999748
2016.10a,IQFormer,AM-DSB,-8,5,0.706,0.034532593299663995
2016.10a,IQFormer,AM-DSB,-6,5,0.834,0.04477722635447622
2016.10a,IQFormer,AM-DSB,-4,5,0.8880000000000001,0.04147288270665548
2016.10a,IQFormer,AM-DSB,-2,5,0.9019999999999999,0.025149552679918606
2016.10a,IQFormer,AM-DSB,0,5,0.9109999999999999,0.031898275815473165
2016.10a,IQFormer,AM-DSB,2,5,0.975,0.012247448713915901
2016.10a,IQFormer,AM-DSB,4,5,0.99,0.010000000000000009
2016.10a,IQFormer,AM-DSB,6,5,1.0,0.0
2016.10a,IQFormer,AM-DSB,8,5,1.0,0.0
2016.10a,IQFormer,AM-DSB,10,5,1.0,0.0
2016.10a,IQFormer,AM-DSB,12,5,1.0,0.0
2016.10a,IQFormer,AM-DSB,14,5,1.0,0.0
2016.10a,IQFormer,AM-DSB,16,5,1.0,0.0
2016.10a,IQFormer,AM-DSB,18,5,1.0,0.0
2016.10a,IQFormer,AM-SSB,-20,5,0.9390000000000001,0.008215838362577452
2016.10a,IQFormer,AM-SSB,-18,5,0.89,0.014142135623730963
2016.10a,IQFormer,AM-SSB,-16,5,0.884,0.02103568396796265
2016.10a,IQFormer,AM-SSB,-14,5,0.908,0.009082951062292483
2016.10a,IQFormer,AM-SSB,-12,5,0.9199999999999999,0.015811388300841875
2016.10a,IQFormer,AM-SSB,-10,5,0.901,0.018165902124584965
2016.10a,IQFormer,AM-SSB,-8,5,0.9019999999999999,0.027748873851023242
2016.10a,IQFormer,AM-SSB,-6,5,0.913,0.008366600265340763
2016.10a,IQFormer,AM-SSB,-4,5,0.915,0.019364916731037102
2016.10a,IQFormer,AM-SSB,-2,5,0.9289999999999999,0.021330729007701506
2016.10a,IQFormer,AM-SSB,0,5,0.9289999999999999,0.018506755523321716
2016.10a,IQFormer,AM-SSB,2,5,0.913,0.016807736313971627
2016.10a,IQFormer,AM-SSB,4,5,0.933,0.011510864433221291
2016.10a,IQFormer,AM-SSB,6,5,0.916,0.023291629397704218
2016.10a,IQFormer,AM-SSB,8,5,0.915,0.013693063937629165
2016.10a,IQFormer,AM-SSB,10,5,0.892,0.01923538406167136
2016.10a,IQFormer,AM-SSB,12,5,0.9030000000000001,0.009746794344808973
2016.10a,IQFormer,AM-SSB,14,5,0.9369999999999999,0.018234582528810436
2016.10a,IQFormer,AM-SSB,16,5,0.915,0.021505813167606583
2016.10a,IQFormer,AM-SSB,18,5,0.925,0.01695582495781313
2016.10a,IQFormer,BPSK,-20,5,0.003,0.0027386127875258306
2016.10a,IQFormer,BPSK,-18,5,0.005,0.005
2016.10a,IQFormer,BPSK,-16,5,0.013999999999999999,0.005477225575051661
2016.10a,IQFormer,BPSK,-14,5,0.016999999999999998,0.00570087712549569
2016.10a,IQFormer,BPSK,-12,5,0.013000000000000001,0.0027386127875258298
2016.10a,IQFormer,BPSK,-10,5,0.041,0.00821583836257749
2016.10a,IQFormer,BPSK,-8,5,0.154,0.03228776858192588
2016.10a,IQFormer,BPSK,-6,5,0.47800000000000004,0.05007494383421715
2016.10a,IQFormer,BPSK,-4,5,0.8219999999999998,0.05155094567512802
2016.10a,IQFormer,BPSK,-2,5,0.978,0.01036822067666387
2016.10a,IQFormer,BPSK,0,5,0.99,0.0
2016.10a,IQFormer,BPSK,2,5,0.985,0.0
2016.10a,IQFormer,BPSK,4,5,0.99,0.0
2016.10a,IQFormer,BPSK,6,5,0.9879999999999999,0.0027386127875258333
2016.10a,IQFormer,BPSK,8,5,0.993,0.002738612787525833
2016.10a,IQFormer,BPSK,10,5,0.998,0.002738612787525833
2016.10a,IQFormer,BPSK,12,5,0.99,0.0
2016.10a,IQFormer,BPSK,14,5,0.9890000000000001,0.0022360679774997916
2016.10a,IQFormer,BPSK,16,5,0.975,0.0
2016.10a,IQFormer,BPSK,18,5,0.992,0.0027386127875258333
2016.10a,IQFormer,CPFSK,-20,5,0.001,0.00223606797749979
2016.10a,IQFormer,CPFSK,-18,5,0.007000000000000001,0.004472135954999579
2016.10a,IQFormer,CPFSK,-16,5,0.005,0.005
2016.10a,IQFormer,CPFSK,-14,5,0.01,0.0035355339059327377
2016.10a,IQFormer,CPFSK,-12,5,0.006,0.00223606797749979
2016.10a,IQFormer,CPFSK,-10,5,0.049,0.028809720581775868
2016.10a,IQFormer,CPFSK,-8,5,0.20299999999999999,0.00836660026534075
2016.10a,IQFormer,CPFSK,-6,5,0.5429999999999999,0.022248595461286973
2016.10a,IQFormer,CPFSK,-4,5,0.842,0.031543620591175
2016.10a,IQFormer,CPFSK,-2,5,0.975,0.017320508075688787
2016.10a,IQFormer,CPFSK,0,5,1.0,0.0
2016.10a,IQFormer,CPFSK,2,5,1.0,0.0
2016.10a,IQFormer,CPFSK,4,5,1.0,0.0
2016.10a,IQFormer,CPFSK,6,5,1.0,0.0
2016.10a,IQFormer,CPFSK,8,5,1.0,0.0
2016.10a,IQFormer,CPFSK,10,5,1.0,0.0
2016.10a,IQFormer,CPFSK,12,5,1.0,0.0
2016.10a,IQFormer,CPFSK,14,5,1.0,0.0
2016.10a,IQFormer,CPFSK,16,5,1.0,0.0
2016.10a,IQFormer,CPFSK,18,5,1.0,0.0
2016.10a,IQFormer,GFSK,-20,5,0.018,0.002738612787525831
2016.10a,IQFormer,GFSK,-18,5,0.019,0.005477225575051661
2016.10a,IQFormer,GFSK,-16,5,0.032,0.013509256086106296
2016.10a,IQFormer,GFSK,-14,5,0.02,0.008660254037844388
2016.10a,IQFormer,GFSK,-12,5,0.041,0.014747881203752627
2016.10a,IQFormer,GFSK,-10,5,0.20099999999999998,0.024849547279578346
2016.10a,IQFormer,GFSK,-8,5,0.41200000000000003,0.02167948338867879
2016.10a,IQFormer,GFSK,-6,5,0.741,0.025347583711273176
2016.10a,IQFormer,GFSK,-4,5,0.866,0.020432816741702567
2016.10a,IQFormer,GFSK,-2,5,0.897,0.013038404810405309
2016.10a,IQFormer,GFSK,0,5,0.9869999999999999,0.01604680653588123
2016.10a,IQFormer,GFSK,2,5,0.9879999999999999,0.01036822067666387
2016.10a,IQFormer,GFSK,4,5,0.99,0.014142135623730963
2016.10a,IQFormer,GFSK,6,5,0.999,0.0022360679774997916
2016.10a,IQFormer,GFSK,8,5,0.999,0.0022360679774997916
2016.10a,IQFormer,GFSK,10,5,0.999,0.0022360679774997916
2016.10a,IQFormer,GFSK,12,5,0.999,0.0022360679774997916
2016.10a,IQFormer,GFSK,14,5,1.0,0.0
2016.10a,IQFormer,GFSK,16,5,1.0,0.0
2016.10a,IQFormer,GFSK,18,5,1.0,0.0
2016.10a,IQFormer,PAM4,-20,5,0.015,0.006123724356957945
2016.10a,IQFormer,PAM4,-18,5,0.011,0.004183300132670377
2016.10a,IQFormer,PAM4,-16,5,0.016,0.008215838362577492
2016.10a,IQFormer,PAM4,-14,5,0.028000000000000004,0.014404860290887934
2016.10a,IQFormer,PAM4,-12,5,0.11499999999999999,0.03221024681681282
2016.10a,IQFormer,PAM4,-10,5,0.43,0.06828250141873832
2016.10a,IQFormer,PAM4,-8,5,0.746,0.04021815510438045
2016.10a,IQFormer,PAM4,-6,5,0.944,0.012942179105544746
2016.10a,IQFormer,PAM4,-4,5,0.9890000000000001,0.004183300132670382
2016.10a,IQFormer,PAM4,-2,5,0.984,0.0022360679774997916
2016.10a,IQFormer,PAM4,0,5,0.99,0.0
2016.10a,IQFormer,PAM4,2,5,0.99,0.0
2016.10a,IQFormer,PAM4,4,5,0.99,0.0035355339059327407
2016.10a,IQFormer,PAM4,6,5,0.985,0.0
2016.10a,IQFormer,PAM4,8,5,0.9800000000000001,1.2412670766236366e-16
2016.10a,IQFormer,PAM4,10,5,0.99,0.0
2016.10a,IQFormer,PAM4,12,5,0.977,0.0027386127875258333
2016.10a,IQFormer,PAM4,14,5,0.998,0.002738612787525833
2016.10a,IQFormer,PAM4,16,5,0.9949999999999999,1.2412670766236366e-16
2016.10a,IQFormer,PAM4,18,5,0.986,0.0022360679774997916
2016.10a,IQFormer,QAM16,-20,5,0.01,0.005
2016.10a,IQFormer,QAM16,-18,5,0.003,0.0027386127875258306
2016.10a,IQFormer,QAM16,-16,5,0.004,0.005477225575051661
2016.10a,IQFormer,QAM16,-14,5,0.024,0.00894427190999916
2016.10a,IQFormer,QAM16,-12,5,0.089,0.03612478373637689
2016.10a,IQFormer,QAM16,-10,5,0.173,0.1010940156488009
2016.10a,IQFormer,QAM16,-8,5,0.314,0.09920937455704475
2016.10a,IQFormer,QAM16,-6,5,0.578,0.039465174521342225
2016.10a,IQFormer,QAM16,-4,5,0.678,0.039147158262126745
2016.10a,IQFormer,QAM16,-2,5,0.8390000000000001,0.02274862633215467
2016.10a,IQFormer,QAM16,0,5,0.932,0.016807736313971575
2016.10a,IQFormer,QAM16,2,5,0.9800000000000001,0.014142135623730963
2016.10a,IQFormer,QAM16,4,5,0.9719999999999999,0.007582875444051557
2016.10a,IQFormer,QAM16,6,5,0.9800000000000001,0.014142135623730963
2016.10a,IQFormer,QAM16,8,5,0.958,0.011510864433221347
2016.10a,IQFormer,QAM16,10,5,0.9789999999999999,0.017102631376487085
2016.10a,IQFormer,QAM16,12,5,0.991,0.006519202405202654
2016.10a,IQFormer,QAM16,14,5,0.974,0.009617692030835682
2016.10a,IQFormer,QAM16,16,5,0.9890000000000001,0.010839741694339409
2016.10a,IQFormer,QAM16,18,5,0.9730000000000001,0.011510864433221347
2016.10a,IQFormer,QAM64,-20,5,0.011,0.002236067977499789
2016.10a,IQFormer,QAM64,-18,5,0.011,0.009617692030835673
2016.10a,IQFormer,QAM64,-16,5,0.069,0.04037325847637271
2016.10a,IQFormer,QAM64,-14,5,0.244,0.0843652772175852
2016.10a,IQFormer,QAM64,-12,5,0.414,0.12919945820319836
2016.10a,IQFormer,QAM64,-10,5,0.49000000000000005,0.07929375763576853
2016.10a,IQFormer,QAM64,-8,5,0.6279999999999999,0.05130789412946121
2016.10a,IQFormer,QAM64,-6,5,0.8779999999999999,0.03402205167240804
2016.10a,IQFormer,QAM64,-4,5,0.924,0.021035683967962612
2016.10a,IQFormer,QAM64,-2,5,0.932,0.027973201461398704
2016.10a,IQFormer,QAM64,0,5,0.9279999999999999,0.026598872156540748
2016.10a,IQFormer,QAM64,2,5,0.937,0.024899799195977446
2016.10a,IQFormer,QAM64,4,5,0.9480000000000001,0.015247950681976864
2016.10a,IQFormer,QAM64,6,5,0.9480000000000001,0.014404860290887911
2016.10a,IQFormer,QAM64,8,5,0.962,0.019235384061671315
2016.10a,IQFormer,QAM64,10,5,0.958,0.015247950681976877
2016.10a,IQFormer,QAM64,12,5,0.9390000000000001,0.022748626332154614
2016.10a,IQFormer,QAM64,14,5,0.944,0.017818529681205418
2016.10a,IQFormer,QAM64,16,5,0.943,0.03290136775272417
2016.10a,IQFormer,QAM64,18,5,0.9480000000000001,0.019235384061671308
2016.10a,IQFormer,QPSK,-20,5,0.007000000000000001,0.004472135954999579
2016.10a,IQFormer,QPSK,-18,5,0.003,0.00447213595499958
2016.10a,IQFormer,QPSK,-16,5,0.005,0.0035355339059327377
2016.10a,IQFormer,QPSK,-14,5,0.012,0.009082951062292476
2016.10a,IQFormer,QPSK,-12,5,0.008,0.005700877125495689
2016.10a,IQFormer,QPSK,-10,5,0.039,0.022192341021172148
2016.10a,IQFormer,QPSK,-8,5,0.086,0.02434132288927617
2016.10a,IQFormer,QPSK,-6,5,0.15,0.0588430114796991
2016.10a,IQFormer,QPSK,-4,5,0.41,0.0670820393249937
2016.10a,IQFormer,QPSK,-2,5,0.805,0.046368092477478515
2016.10a,IQFormer,QPSK,0,5,0.962,0.014404860290887946
2016.10a,IQFormer,QPSK,2,5,0.9949999999999999,1.2412670766236366e-16
2016.10a,IQFormer,QPSK,4,5,0.986,0.002236067977499792
2016.10a,IQFormer,QPSK,6,5,0.985,0.0
2016.10a,IQFormer,QPSK,8,5,0.982,0.0027386127875258333
2016.10a,IQFormer,QPSK,10,5,0.99,0.0
2016.10a,IQFormer,QPSK,12,5,0.9890000000000001,0.0022360679774997916
2016.10a,IQFormer,QPSK,14,5,1.0,0.0
2016.10a,IQFormer,QPSK,16,5,0.99,0.0
2016.10a,IQFormer,QPSK,18,5,0.9869999999999999,0.002738612787525833
2016.10a,IQFormer,WBFM,-20,5,0.011,0.004183300132670377
2016.10a,IQFormer,WBFM,-18,5,0.018,0.002738612787525831
2016.10a,IQFormer,WBFM,-16,5,0.02,0.011726039399558574
2016.10a,IQFormer,WBFM,-14,5,0.026000000000000002,0.009617692030835673
2016.10a,IQFormer,WBFM,-12,5,0.05800000000000001,0.03327912258458747
2016.10a,IQFormer,WBFM,-10,5,0.101,0.028591956910991596
2016.10a,IQFormer,WBFM,-8,5,0.21200000000000002,0.04698403984333404
2016.10a,IQFormer,WBFM,-6,5,0.275,0.057554322166106696
2016.10a,IQFormer,WBFM,-4,5,0.26,0.038242646351945894
2016.10a,IQFormer,WBFM,-2,5,0.328,0.034022051672407995
2016.10a,IQFormer,WBFM,0,5,0.422,0.03718198488515642
2016.10a,IQFormer,WBFM,2,5,0.42800000000000005,0.02224859546128699
2016.10a,IQFormer,WBFM,4,5,0.388,0.012041594578792307
2016.10a,IQFormer,WBFM,6,5,0.47000000000000003,0.012747548783981946
2016.10a,IQFormer,WBFM,8,5,0.4779999999999999,0.005700877125495695
2016.10a,IQFormer,WBFM,10,5,0.442,0.002738612787525833
2016.10a,IQFormer,WBFM,12,5,0.489,0.008944271909999166
2016.10a,IQFormer,WBFM,14,5,0.421,0.004183300132670382
2016.10a,IQFormer,WBFM,16,5,0.44800000000000006,0.004472135954999583
2016.10a,IQFormer,WBFM,18,5,0.487,0.006708203932499376
2016.10a,IQFormerLite,8PSK,-20,5,0.009,0.010839741694339398
2016.10a,IQFormerLite,8PSK,-18,5,0.013000000000000001,0.01036822067666386
2016.10a,IQFormerLite,8PSK,-16,5,0.003,0.0027386127875258306
2016.10a,IQFormerLite,8PSK,-14,5,0.007000000000000001,0.005700877125495689
2016.10a,IQFormerLite,8PSK,-12,5,0.015,0.011726039399558573
2016.10a,IQFormerLite,8PSK,-10,5,0.016999999999999998,0.012041594578792296
2016.10a,IQFormerLite,8PSK,-8,5,0.05800000000000001,0.029495762407505254
2016.10a,IQFormerLite,8PSK,-6,5,0.178,0.07207634840916956
2016.10a,IQFormerLite,8PSK,-4,5,0.421,0.085615419172016
2016.10a,IQFormerLite,8PSK,-2,5,0.756,0.06484597134749391
2016.10a,IQFormerLite,8PSK,0,5,0.908,0.017175564037317684
2016.10a,IQFormerLite,8PSK,2,5,0.975,0.007905694150420955
2016.10a,IQFormerLite,8PSK,4,5,0.974,0.006519202405202654
2016.10a,IQFormerLite,8PSK,6,5,0.9949999999999999,0.006123724356957951
2016.10a,IQFormerLite,8PSK,8,5,0.9730000000000001,0.006708203932499375
2016.10a,IQFormerLite,8PSK,10,5,0.993,0.004472135954999584
2016.10a,IQFormerLite,8PSK,12,5,0.9789999999999999,0.004183300132670381
2016.10a,IQFormerLite,8PSK,14,5,0.9890000000000001,0.0022360679774997916
2016.10a,IQFormerLite,8PSK,16,5,0.9869999999999999,0.002738612787525833
2016.10a,IQFormerLite,8PSK,18,5,0.992,0.004472135954999583
2016.10a,IQFormerLite,AM-DSB,-20,5,0.039,0.01981161275615895
2016.10a,IQFormerLite,AM-DSB,-18,5,0.072,0.03914715826212677
2016.10a,IQFormerLite,AM-DSB,-16,5,0.06999999999999999,0.030618621784789725
2016.10a,IQFormerLite,AM-DSB,-14,5,0.12,0.03657184709581948
2016.10a,IQFormerLite,AM-DSB,-12,5,0.24,0.05488624600025038
2016.10a,IQFormerLite,AM-DSB,-10,5,0.38899999999999996,0.0426321474945844
2016.10a,IQFormerLite,AM-DSB,-8,5,0.587,0.08228000972289684
2016.10a,IQFormerLite,AM-DSB,-6,5,0.6940000000000001,0.08026518547913536
2016.10a,IQFormerLite,AM-DSB,-4,5,0.792,0.08303613671167509
2016.10a,IQFormerLite,AM-DSB,-2,5,0.8460000000000001,0.030495901363953793
2016.10a,IQFormerLite,AM-DSB,0,5,0.883,0.02252776065213764
2016.10a,IQFormerLite,AM-DSB,2,5,0.8939999999999999,0.06137996415769565
2016.10a,IQFormerLite,AM-DSB,4,5,0.8699999999999999,0.10325938214031694
2016.10a,IQFormerLite,AM-DSB,6,5,0.924,0.06137996415769563
2016.10a,IQFormerLite,AM-DSB,8,5,0.877,0.10311401456640122
2016.10a,IQFormerLite,AM-DSB,10,5,0.897,0.0711161022553964
2016.10a,IQFormerLite,AM-DSB,12,5,0.906,0.058885482081749124
2016.10a,IQFormerLite,AM-DSB,14,5,0.868,0.08113260750154651
2016.10a,IQFormerLite,AM-DSB,16,5,0.849,0.08770689824637512
2016.10a,IQFormerLite,AM-DSB,18,5,0.741,0.10376656494266347
2016.10a,IQFormerLite,AM-SSB,-20,5,0.9029999999999999,0.03701351104664349
2016.10a,IQFormerLite,AM-SSB,-18,5,0.8530000000000001,0.05333854141237834
2016.10a,IQFormerLite,AM-SSB,-16,5,0.858,0.04192254763250921
2016.10a,IQFormerLite,AM-SSB,-14,5,0.8620000000000001,0.05685507892879934
2016.10a,IQFormerLite,AM-SSB,-12,5,0.8779999999999999,0.05227332015474052
2016.10a,IQFormerLite,AM-SSB,-10,5,0.873,0.05081830378908766
2016.10a,IQFormerLite,AM-SSB,-8,5,0.8560000000000001,0.05470374758643143
2016.10a,IQFormerLite,AM-SSB,-6,5,0.883,0.060270224821216675
2016.10a,IQFormerLite,AM-SSB,-4,5,0.884,0.035425979167836734
2016.10a,IQFormerLite,AM-SSB,-2,5,0.8949999999999999,0.03984344362627307
2016.10a,IQFormerLite,AM-SSB,0,5,0.908,0.03684426685388105
2016.10a,IQFormerLite,AM-SSB,2,5,0.891,0.034892692644735795
2016.10a,IQFormerLite,AM-SSB,4,5,0.8800000000000001,0.057662812973354
2016.10a,IQFormerLite,AM-SSB,6,5,0.866,0.05920304046246276
2016.10a,IQFormerLite,AM-SSB,8,5,0.8800000000000001,0.03102418411497717
2016.10a,IQFormerLite,AM-SSB,10,5,0.86,0.04873397172404487
2016.10a,IQFormerLite,AM-SSB,12,5,0.874,0.042190046219458016
2016.10a,IQFormerLite,AM-SSB,14,5,0.899,0.045055521304275224
2016.10a,IQFormerLite,AM-SSB,16,5,0.881,0.04669047011971505
2016.10a,IQFormerLite,AM-SSB,18,5,0.8870000000000001,0.04480513363443974
2016.10a,IQFormerLite,BPSK,-20,5,0.014000000000000002,0.012449899597988734
2016.10a,IQFormerLite,BPSK,-18,5,0.009,0.004183300132670377
2016.10a,IQFormerLite,BPSK,-16,5,0.021,0.01140175425099138
2016.10a,IQFormerLite,BPSK,-14,5,0.026000000000000002,0.009617692030835673
2016.10a,IQFormerLite,BPSK,-12,5,0.02,0.007071067811865476
2016.10a,IQFormerLite,BPSK,-10,5,0.048,0.01604680653588121
2016.10a,IQFormerLite,BPSK,-8,5,0.16999999999999998,0.06154266812545585
2016.10a,IQFormerLite,BPSK,-6,5,0.457,0.06897463301823359
2016.10a,IQFormerLite,BPSK,-4,5,0.833,0.0535723809439155
2016.10a,IQFormerLite,BPSK,-2,5,0.9789999999999999,0.004183300132670382
2016.10a,IQFormerLite,BPSK,0,5,0.99,0.0
2016.10a,IQFormerLite,BPSK,2,5,0.985,0.0
2016.10a,IQFormerLite,BPSK,4,5,0.99,0.0
2016.10a,IQFormerLite,BPSK,6,5,0.9879999999999999,0.002738612787525833
2016.10a,IQFormerLite,BPSK,8,5,0.9949999999999999,1.2412670766236366e-16
2016.10a,IQFormerLite,BPSK,10,5,1.0,0.0
2016.10a,IQFormerLite,BPSK,12,5,0.993,0.002738612787525833
2016.10a,IQFormerLite,BPSK,14,5,0.986,0.0022360679774997916
2016.10a,IQFormerLite,BPSK,16,5,0.976,0.0022360679774997916
2016.10a,IQFormerLite,BPSK,18,5,0.9959999999999999,0.002236067977499792
2016.10a,IQFormerLite,CPFSK,-20,5,0.02,0.015000000000000003
2016.10a,IQFormerLite,CPFSK,-18,5,0.024,0.006519202405202648
2016.10a,IQFormerLite,CPFSK,-16,5,0.022000000000000002,0.01151086443322134
2016.10a,IQFormerLite,CPFSK,-14,5,0.020999999999999998,0.013874436925511607
2016.10a,IQFormerLite,CPFSK,-12,5,0.026000000000000002,0.012449899597988732
2016.10a,IQFormerLite,CPFSK,-10,5,0.063,0.035812009158939964
2016.10a,IQFormerLite,CPFSK,-8,5,0.251,0.05759774301133681
2016.10a,IQFormerLite,CPFSK,-6,5,0.588,0.06027022482121665
2016.10a,IQFormerLite,CPFSK,-4,5,0.908,0.012549900398011144
2016.10a,IQFormerLite,CPFSK,-2,5,0.9970000000000001,0.002738612787525833
2016.10a,IQFormerLite,CPFSK,0,5,1.0,0.0
2016.10a,IQFormerLite,CPFSK,2,5,1.0,0.0
2016.10a,IQFormerLite,CPFSK,4,5,1.0,0.0
2016.10a,IQFormerLite,CPFSK,6,5,1.0,0.0
2016.10a,IQFormerLite,CPFSK,8,5,0.999,0.0022360679774997916
2016.10a,IQFormerLite,CPFSK,10,5,1.0,0.0
2016.10a,IQFormerLite,CPFSK,12,5,1.0,0.0
2016.10a,IQFormerLite,CPFSK,14,5,1.0,0.0
2016.10a,IQFormerLite,CPFSK,16,5,1.0,0.0
2016.10a,IQFormerLite,CPFSK,18,5,1.0,0.0
2016.10a,IQFormerLite,GFSK,-20,5,0.020999999999999998,0.015165750888103102
2016.10a,IQFormerLite,GFSK,-18,5,0.031,0.019493588689617928
2016.10a,IQFormerLite,GFSK,-16,5,0.051000000000000004,0.026315394733881538
2016.10a,IQFormerLite,GFSK,-14,5,0.026000000000000002,0.023021728866442676
2016.10a,IQFormerLite,GFSK,-12,5,0.063,0.0329013677527242
2016.10a,IQFormerLite,GFSK,-10,5,0.164,0.07757254669017899
2016.10a,IQFormerLite,GFSK,-8,5,0.373,0.09915896328623044
2016.10a,IQFormerLite,GFSK,-6,5,0.712,0.05310367218940702
2016.10a,IQFormerLite,GFSK,-4,5,0.8720000000000001,0.023075961518428674
2016.10a,IQFormerLite,GFSK,-2,5,0.909,0.016733200530681527
2016.10a,IQFormerLite,GFSK,0,5,0.985,0.010000000000000009
2016.10a,IQFormerLite,GFSK,2,5,0.994,0.006519202405202654
2016.10a,IQFormerLite,GFSK,4,5,0.9960000000000001,0.004183300132670381
2016.10a,IQFormerLite,GFSK,6,5,1.0,0.0
2016.10a,IQFormerLite,GFSK,8,5,0.999,0.0022360679774997916
2016.10a,IQFormerLite,GFSK,10,5,0.994,0.004183300132670382
2016.10a,IQFormerLite,GFSK,12,5,0.998,0.002738612787525833
2016.10a,IQFormerLite,GFSK,14,5,0.9949999999999999,0.006123724356957951
2016.10a,IQFormerLite,GFSK,16,5,0.9970000000000001,0.004472135954999583
2016.10a,IQFormerLite,GFSK,18,5,0.999,0.002236067977499792
2016.10a,IQFormerLite,PAM4,-20,5,0.015000000000000003,0.011726039399558576
2016.10a,IQFormerLite,PAM4,-18,5,0.013000000000000001,0.006708203932499369
2016.10a,IQFormerLite,PAM4,-16,5,0.016,0.0108397416943394
2016.10a,IQFormerLite,PAM4,-14,5,0.034999999999999996,0.020310096011589902
2016.10a,IQFormerLite,PAM4,-12,5,0.10200000000000001,0.0330907842155486
2016.10a,IQFormerLite,PAM4,-10,5,0.374,0.050299105359837164
2016.10a,IQFormerLite,PAM4,-8,5,0.708,0.04494441010848845
2016.10a,IQFormerLite,PAM4,-6,5,0.9400000000000001,0.006123724356957906
2016.10a,IQFormerLite,PAM4,-4,5,0.993,0.004472135954999584
2016.10a,IQFormerLite,PAM4,-2,5,0.985,0.0
2016.10a,IQFormerLite,PAM4,0,5,0.99,0.0
2016.10a,IQFormerLite,PAM4,2,5,0.99,0.0
2016.10a,IQFormerLite,PAM4,4,5,0.9890000000000001,0.002236067977499792
2016.10a,IQFormerLite,PAM4,6,5,0.985,0.0
2016.10a,IQFormerLite,PAM4,8,5,0.9789999999999999,0.0022360679774997916
2016.10a,IQFormerLite,PAM4,10,5,0.99,0.0
2016.10a,IQFormerLite,PAM4,12,5,0.977,0.004472135954999583
2016.10a,IQFormerLite,PAM4,14,5,0.998,0.0027386127875258333
2016.10a,IQFormerLite,PAM4,16,5,0.992,0.004472135954999583
2016.10a,IQFormerLite,PAM4,18,5,0.978,0.004472135954999583
2016.10a,IQFormerLite,QAM16,-20,5,0.009,0.004183300132670377
2016.10a,IQFormerLite,QAM16,-18,5,0.002,0.0027386127875258306
2016.10a,IQFormerLite,QAM16,-16,5,0.004,0.006519202405202649
2016.10a,IQFormerLite,QAM16,-14,5,0.021,0.013874436925511609
2016.10a,IQFormerLite,QAM16,-12,5,0.06,0.029790938219532465
2016.10a,IQFormerLite,QAM16,-10,5,0.139,0.043646305685590386
2016.10a,IQFormerLite,QAM16,-8,5,0.258,0.08296083413274001
2016.10a,IQFormerLite,QAM16,-6,5,0.5619999999999999,0.09608589906953045
2016.10a,IQFormerLite,QAM16,-4,5,0.63,0.06937218462755804
2016.10a,IQFormerLite,QAM16,-2,5,0.788,0.041018288603987346
2016.10a,IQFormerLite,QAM16,0,5,0.873,0.05901271049528226
2016.10a,IQFormerLite,QAM16,2,5,0.9559999999999998,0.018165902124584965
2016.10a,IQFormerLite,QAM16,4,5,0.954,0.021621748310439635
2016.10a,IQFormerLite,QAM16,6,5,0.96,0.014142135623730963
2016.10a,IQFormerLite,QAM16,8,5,0.931,0.024849547279578336
2016.10a,IQFormerLite,QAM16,10,5,0.9460000000000001,0.027477263328068144
2016.10a,IQFormerLite,QAM16,12,5,0.967,0.018234582528810484
2016.10a,IQFormerLite,QAM16,14,5,0.962,0.023345235059857486
2016.10a,IQFormerLite,QAM16,16,5,0.9720000000000001,0.024647515087732448
2016.10a,IQFormerLite,QAM16,18,5,0.954,0.013874436925511621
2016.10a,IQFormerLite,QAM64,-20,5,0.004,0.00223606797749979
2016.10a,IQFormerLite,QAM64,-18,5,0.01,0.0061237243569579455
2016.10a,IQFormerLite,QAM64,-16,5,0.044,0.01781852968120546
2016.10a,IQFormerLite,QAM64,-14,5,0.181,0.04114000486144843
2016.10a,IQFormerLite,QAM64,-12,5,0.344,0.05378196723809943
2016.10a,IQFormerLite,QAM64,-10,5,0.45,0.08276472678623426
2016.10a,IQFormerLite,QAM64,-8,5,0.653,0.037516662964608136
2016.10a,IQFormerLite,QAM64,-6,5,0.8859999999999999,0.027477263328068196
2016.10a,IQFormerLite,QAM64,-4,5,0.932,0.026832815729997454
2016.10a,IQFormerLite,QAM64,-2,5,0.9410000000000001,0.015165750888103065
2016.10a,IQFormerLite,QAM64,0,5,0.942,0.012549900398011087
2016.10a,IQFormerLite,QAM64,2,5,0.946,0.020432816741702525
2016.10a,IQFormerLite,QAM64,4,5,0.952,0.009082951062292483
2016.10a,IQFormerLite,QAM64,6,5,0.9400000000000001,0.006123724356957905
2016.10a,IQFormerLite,QAM64,8,5,0.9410000000000001,0.01294217910554474
2016.10a,IQFormerLite,QAM64,10,5,0.9480000000000001,0.016046806535881187
2016.10a,IQFormerLite,QAM64,12,5,0.9369999999999999,0.01440486029088789
2016.10a,IQFormerLite,QAM64,14,5,0.933,0.022248595461286963
2016.10a,IQFormerLite,QAM64,16,5,0.961,0.013874436925511621
2016.10a,IQFormerLite,QAM64,18,5,0.952,0.016046806535881166
2016.10a,IQFormerLite,QPSK,-20,5,0.012,0.013038404810405298
2016.10a,IQFormerLite,QPSK,-18,5,0.007000000000000001,0.005700877125495689
2016.10a,IQFormerLite,QPSK,-16,5,0.007000000000000001,0.0027386127875258306
2016.10a,IQFormerLite,QPSK,-14,5,0.02,0.006123724356957945
2016.10a,IQFormerLite,QPSK,-12,5,0.008,0.004472135954999579
2016.10a,IQFormerLite,QPSK,-10,5,0.037,0.013964240043768943
2016.10a,IQFormerLite,QPSK,-8,5,0.10500000000000001,0.015811388300841896
2016.10a,IQFormerLite,QPSK,-6,5,0.24900000000000003,0.028151376520518488
2016.10a,IQFormerLite,QPSK,-4,5,0.45999999999999996,0.08951256894984078
2016.10a,IQFormerLite,QPSK,-2,5,0.764,0.09188307787617911
2016.10a,IQFormerLite,QPSK,0,5,0.954,0.018506755523321726
2016.10a,IQFormerLite,QPSK,2,5,0.992,0.004472135954999583
2016.10a,IQFormerLite,QPSK,4,5,0.9890000000000001,0.002236067977499792
2016.10a,IQFormerLite,QPSK,6,5,0.984,0.0022360679774997916
2016.10a,IQFormerLite,QPSK,8,5,0.9800000000000001,0.0035355339059327407
2016.10a,IQFormerLite,QPSK,10,5,0.99,0.0
2016.10a,IQFormerLite,QPSK,12,5,0.9890000000000001,0.002236067977499792
2016.10a,IQFormerLite,QPSK,14,5,0.999,0.0022360679774997916
2016.10a,IQFormerLite,QPSK,16,5,0.99,0.0
2016.10a,IQFormerLite,QPSK,18,5,0.984,0.004183300132670382
2016.10a,IQFormerLite,WBFM,-20,5,0.02,0.02524876234590519
2016.10a,IQFormerLite,WBFM,-18,5,0.014000000000000002,0.0108397416943394
2016.10a,IQFormerLite,WBFM,-16,5,0.027000000000000003,0.029916550603303182
2016.10a,IQFormerLite,WBFM,-14,5,0.043,0.046717234507192305
2016.10a,IQFormerLite,WBFM,-12,5,0.093,0.07076369125476709
2016.10a,IQFormerLite,WBFM,-10,5,0.153,0.07815049583975779
2016.10a,IQFormerLite,WBFM,-8,5,0.254,0.109453186340097
2016.10a,IQFormerLite,WBFM,-6,5,0.385,0.10216408370851274
2016.10a,IQFormerLite,WBFM,-4,5,0.413,0.0733655232380987
2016.10a,IQFormerLite,WBFM,-2,5,0.441,0.022748626332154655
2016.10a,IQFormerLite,WBFM,0,5,0.487,0.030536862969204947
2016.10a,IQFormerLite,WBFM,2,5,0.487,0.027064737205448716
2016.10a,IQFormerLite,WBFM,4,5,0.462,0.06320601237224191
2016.10a,IQFormerLite,WBFM,6,5,0.5640000000000001,0.07240511031688304
2016.10a,IQFormerLite,WBFM,8,5,0.5700000000000001,0.08587782018658832
2016.10a,IQFormerLite,WBFM,10,5,0.542,0.06842879510849216
2016.10a,IQFormerLite,WBFM,12,5,0.616,0.08495587089777845
2016.10a,IQFormerLite,WBFM,14,5,0.619,0.1030412538743585
2016.10a,IQFormerLite,WBFM,16,5,0.67,0.065287824286003
2016.10a,IQFormerLite,WBFM,18,5,0.78,0.08031189202104504
2016.10b,IQFormer,8PSK,-20,5,0.3206666666666666,0.11745330041245235
2016.10b,IQFormer,8PSK,-18,5,0.30299999999999994,0.10879644602038557
2016.10b,IQFormer,8PSK,-16,5,0.2915,0.11920949113966463
2016.10b,IQFormer,8PSK,-14,5,0.3006666666666667,0.11640058944104288
2016.10b,IQFormer,8PSK,-12,5,0.28049999999999997,0.1131870992845229
2016.10b,IQFormer,8PSK,-10,5,0.2603333333333333,0.09841733700025734
2016.10b,IQFormer,8PSK,-8,5,0.21966666666666662,0.08605674807293666
2016.10b,IQFormer,8PSK,-6,5,0.2678333333333333,0.07505692284304405
2016.10b,IQFormer,8PSK,-4,5,0.502,0.052266677295917274
2016.10b,IQFormer,8PSK,-2,5,0.8,0.04068851871911235
2016.10b,IQFormer,8PSK,0,5,0.9708333333333334,0.007168604389202222
2016.10b,IQFormer,8PSK,2,5,0.9923333333333334,0.002236067977499773
2016.10b,IQFormer,8PSK,4,5,0.9921666666666666,0.002173067468400867
2016.10b,IQFormer,8PSK,6,5,0.9903333333333333,0.0038908725099762766
2016.10b,IQFormer,8PSK,8,5,0.9936666666666666,0.001825741858350568
2016.10b,IQFormer,8PSK,10,5,0.9883333333333335,0.0023570226039551444
2016.10b,IQFormer,8PSK,12,5,0.9883333333333333,0.0017677669529662656
2016.10b,IQFormer,8PSK,14,5,0.9865,0.0016029486718059332
2016.10b,IQFormer,8PSK,16,5,0.9868333333333335,0.002850438562747929
2016.10b,IQFormer,8PSK,18,5,0.9899999999999999,0.001666666666666719
2016.10b,IQFormer,AM-DSB,-20,5,0.16349999999999998,0.017818529681205456
2016.10b,IQFormer,AM-DSB,-18,5,0.1968333333333333,0.025761998283432057
2016.10b,IQFormer,AM-DSB,-16,5,0.24999999999999994,0.030373828281012656
2016.10b,IQFormer,AM-DSB,-14,5,0.35,0.029202359113225367
2016.10b,IQFormer,AM-DSB,-12,5,0.45599999999999996,0.03031890682579292
2016.10b,IQFormer,AM-DSB,-10,5,0.6123333333333333,0.055231205953800384
2016.10b,IQFormer,AM-DSB,-8,5,0.6625,0.09383237122064479
2016.10b,IQFormer,AM-DSB,-6,5,0.7308333333333333,0.08057303450217627
2016.10b,IQFormer,AM-DSB,-4,5,0.9013333333333332,0.010284157179316538
2016.10b,IQFormer,AM-DSB,-2,5,0.9381666666666668,0.01442653804625348
2016.10b,IQFormer,AM-DSB,0,5,0.9560000000000001,0.020390289083014265
2016.10b,IQFormer,AM-DSB,2,5,0.9800000000000001,0.015888063304114724
2016.10b,IQFormer,AM-DSB,4,5,0.9896666666666667,0.00875198390207732
2016.10b,IQFormer,AM-DSB,6,5,0.9955,0.007808471183414917
2016.10b,IQFormer,AM-DSB,8,5,0.9901666666666668,0.01354519184885255
2016.10b,IQFormer,AM-DSB,10,5,0.9869999999999999,0.017366554702134284
2016.10b,IQFormer,AM-DSB,12,5,0.9809999999999999,0.0326460394058589
2016.10b,IQFormer,AM-DSB,14,5,0.9656666666666667,0.05415833269220901
2016.10b,IQFormer,AM-DSB,16,5,0.9463333333333332,0.06120775186925988
2016.10b,IQFormer,AM-DSB,18,5,0.9339999999999999,0.053298816955809514
2016.10b,IQFormer,BPSK,-20,5,0.11666666666666663,0.05442247289085234
2016.10b,IQFormer,BPSK,-18,5,0.11783333333333328,0.049309819846895954
2016.10b,IQFormer,BPSK,-16,5,0.12283333333333328,0.04894937861369302
2016.10b,IQFormer,BPSK,-14,5,0.11049999999999997,0.04982469267341244
2016.10b,IQFormer,BPSK,-12,5,0.1278333333333333,0.04930277769952612
2016.10b,IQFormer,BPSK,-10,5,0.17133333333333328,0.06910790676744434
2016.10b,IQFormer,BPSK,-8,5,0.2578333333333333,0.07200887291006418
2016.10b,IQFormer,BPSK,-6,5,0.49916666666666665,0.04719934086168767
2016.10b,IQFormer,BPSK,-4,5,0.8505,0.021663461301360754
2016.10b,IQFormer,BPSK,-2,5,0.9721666666666666,0.005157249482255293
2016.10b,IQFormer,BPSK,0,5,0.9841666666666666,0.001559023911155756
2016.10b,IQFormer,BPSK,2,5,0.9913333333333332,0.0012638125740085625
2016.10b,IQFormer,BPSK,4,5,0.9946666666666666,0.0007453559924999036
2016.10b,IQFormer,BPSK,6,5,0.9944999999999998,0.0011180339887499455
2016.10b,IQFormer,BPSK,8,5,0.9899999999999999,0.0008333333333332971
2016.10b,IQFormer,BPSK,10,5,0.9894999999999999,0.0012638125740085477
2016.10b,IQFormer,BPSK,12,5,0.9911666666666665,0.0012638125740085477
2016.10b,IQFormer,BPSK,14,5,0.9949999999999999,0.0008333333333332971
2016.10b,IQFormer,BPSK,16,5,0.9884999999999999,0.001236033081182564
2016.10b,IQFormer,BPSK,18,5,0.9901666666666668,0.001086533734200488
2016.10b,IQFormer,CPFSK,-20,5,0.1258333333333333,0.07806469895043615
2016.10b,IQFormer,CPFSK,-18,5,0.13166666666666663,0.08367222757084139
2016.10b,IQFormer,CPFSK,-16,5,0.12916666666666665,0.0764307965853207
2016.10b,IQFormer,CPFSK,-14,5,0.14066666666666663,0.07207827535240958
2016.10b,IQFormer,CPFSK,-12,5,0.1413333333333333,0.06810327125443798
2016.10b,IQFormer,CPFSK,-10,5,0.17649999999999996,0.06366524867530864
2016.10b,IQFormer,CPFSK,-8,5,0.33599999999999997,0.055600884285533905
2016.10b,IQFormer,CPFSK,-6,5,0.6676666666666666,0.020944702326735416
2016.10b,IQFormer,CPFSK,-4,5,0.9331666666666667,0.006754628043053166
2016.10b,IQFormer,CPFSK,-2,5,0.9960000000000001,0.001086533734200488
2016.10b,IQFormer,CPFSK,0,5,1.0,0.0
2016.10b,IQFormer,CPFSK,2,5,1.0,0.0
2016.10b,IQFormer,CPFSK,4,5,1.0,0.0
2016.10b,IQFormer,CPFSK,6,5,1.0,0.0
2016.10b,IQFormer,CPFSK,8,5,1.0,0.0
2016.10b,IQFormer,CPFSK,10,5,1.0,0.0
2016.10b,IQFormer,CPFSK,12,5,1.0,0.0
2016.10b,IQFormer,CPFSK,14,5,1.0,0.0
2016.10b,IQFormer,CPFSK,16,5,1.0,0.0
2016.10b,IQFormer,CPFSK,18,5,1.0,0.0
2016.10b,IQFormer,GFSK,-20,5,0.19099999999999998,0.046935239071157056
2016.10b,IQFormer,GFSK,-18,5,0.17616666666666664,0.046654016142474
2016.10b,IQFormer,GFSK,-16,5,0.19549999999999995,0.04597176065562182
2016.10b,IQFormer,GFSK,-14,5,0.19749999999999998,0.0549621081594705
2016.10b,IQFormer,GFSK,-12,5,0.25816666666666666,0.055287757334794393
2016.10b,IQFormer,GFSK,-10,5,0.3915,0.05269606247149781
2016.10b,IQFormer,GFSK,-8,5,0.5995,0.03525009850262045
2016.10b,IQFormer,GFSK,-6,5,0.8018333333333334,0.02361731944522446
2016.10b,IQFormer,GFSK,-4,5,0.9259999999999999,0.006754628043053192
2016.10b,IQFormer,GFSK,-2,5,0.9616666666666667,0.008759915017345308
2016.10b,IQFormer,GFSK,0,5,0.9918333333333333,0.005633481260385206
2016.10b,IQFormer,GFSK,2,5,0.9984999999999999,0.0010865337342003771
2016.10b,IQFormer,GFSK,4,5,0.9994999999999999,0.0007453559924999906
2016.10b,IQFormer,GFSK,6,5,0.9996666666666666,0.000456435464587649
2016.10b,IQFormer,GFSK,8,5,0.9996666666666666,0.0007453559924999967
2016.10b,IQFormer,GFSK,10,5,1.0,0.0
2016.10b,IQFormer,GFSK,12,5,1.0,0.0
2016.10b,IQFormer,GFSK,14,5,1.0,0.0
2016.10b,IQFormer,GFSK,16,5,1.0,0.0
2016.10b,IQFormer,GFSK,18,5,1.0,0.0
2016.10b,IQFormer,PAM4,-20,5,0.02316666666666664,0.007298211348603779
2016.10b,IQFormer,PAM4,-18,5,0.026166666666666637,0.012687482895445513
2016.10b,IQFormer,PAM4,-16,5,0.03549999999999998,0.014632061448142653
2016.10b,IQFormer,PAM4,-14,5,0.06749999999999996,0.013756311682682628
2016.10b,IQFormer,PAM4,-12,5,0.1898333333333333,0.03444702051298808
2016.10b,IQFormer,PAM4,-10,5,0.4763333333333334,0.04634037716242236
2016.10b,IQFormer,PAM4,-8,5,0.7838333333333333,0.0469137802546094
2016.10b,IQFormer,PAM4,-6,5,0.9576666666666668,0.010263879491801449
2016.10b,IQFormer,PAM4,-4,5,0.9906666666666666,0.0010865337342005133
2016.10b,IQFormer,PAM4,-2,5,0.9901666666666665,0.0006972166887783593
2016.10b,IQFormer,PAM4,0,5,0.9898333333333333,0.00037267799624997355
2016.10b,IQFormer,PAM4,2,5,0.9894999999999999,0.0007453559924999906
2016.10b,IQFormer,PAM4,4,5,0.9846666666666666,0.00045643546458764894
2016.10b,IQFormer,PAM4,6,5,0.9916666666666668,0.0
2016.10b,IQFormer,PAM4,8,5,0.9931666666666666,0.0006972166887783461
2016.10b,IQFormer,PAM4,10,5,0.9925,0.0
2016.10b,IQFormer,PAM4,12,5,0.9841666666666665,0.001178511301977626
2016.10b,IQFormer,PAM4,14,5,0.9901666666666665,0.0006972166887783593
2016.10b,IQFormer,PAM4,16,5,0.9888333333333332,0.00045643546458770976
2016.10b,IQFormer,PAM4,18,5,0.992,0.001263812574008555
2016.10b,IQFormer,QAM16,-20,5,0.00766666666666662,0.004464365078659598
2016.10b,IQFormer,QAM16,-18,5,0.00916666666666662,0.005527707983925671
2016.10b,IQFormer,QAM16,-16,5,0.014666666666666639,0.009402275138378878
2016.10b,IQFormer,QAM16,-14,5,0.036333333333333315,0.01578501399006876
2016.10b,IQFormer,QAM16,-12,5,0.11766666666666661,0.049118620592285465
2016.10b,IQFormer,QAM16,-10,5,0.2443333333333333,0.03360514180234262
2016.10b,IQFormer,QAM16,-8,5,0.40916666666666657,0.0745821694508815
2016.10b,IQFormer,QAM16,-6,5,0.6085,0.05528147670483003
2016.10b,IQFormer,QAM16,-4,5,0.8448333333333334,0.025626863075903582
2016.10b,IQFormer,QAM16,-2,5,0.9583333333333334,0.00726483157256775
2016.10b,IQFormer,QAM16,0,5,0.9903333333333333,0.0019184774055368689
2016.10b,IQFormer,QAM16,2,5,0.9943333333333333,0.00037267799624997355
2016.10b,IQFormer,QAM16,4,5,0.9884999999999999,0.0010865337342003771
2016.10b,IQFormer,QAM16,6,5,0.9873333333333333,0.0019895560643855554
2016.10b,IQFormer,QAM16,8,5,0.9873333333333333,0.0006972166887782796
2016.10b,IQFormer,QAM16,10,5,0.985,0.000589255650988764
2016.10b,IQFormer,QAM16,12,5,0.9893333333333333,0.001989556064385579
2016.10b,IQFormer,QAM16,14,5,0.993,0.0013944333775567051
2016.10b,IQFormer,QAM16,16,5,0.9894999999999999,0.0022515426810177782
2016.10b,IQFormer,QAM16,18,5,0.9908333333333333,0.0011785113019776065
2016.10b,IQFormer,QAM64,-20,5,0.0024999999999999597,0.0019543398999264357
2016.10b,IQFormer,QAM64,-18,5,0.007499999999999981,0.005303300858899122
2016.10b,IQFormer,QAM64,-16,5,0.04283333333333328,0.01829161921026493
2016.10b,IQFormer,QAM64,-14,5,0.16899999999999996,0.021805644019636555
2016.10b,IQFormer,QAM64,-12,5,0.3173333333333333,0.0675138874602848
2016.10b,IQFormer,QAM64,-10,5,0.5285,0.0878038375521759
2016.10b,IQFormer,QAM64,-8,5,0.7224999999999999,0.0481714242171758
2016.10b,IQFormer,QAM64,-6,5,0.9198333333333334,0.01969736304968539
2016.10b,IQFormer,QAM64,-4,5,0.9823333333333333,0.006049563804293753
2016.10b,IQFormer,QAM64,-2,5,0.9801666666666667,0.003970376416523884
2016.10b,IQFormer,QAM64,0,5,0.9851666666666666,0.0009128709291752372
2016.10b,IQFormer,QAM64,2,5,0.9833333333333334,0.002282177322938245
2016.10b,IQFormer,QAM64,4,5,0.9845,0.002251542681017667
2016.10b,IQFormer,QAM64,6,5,0.9878333333333333,0.0017280367794439578
2016.10b,IQFormer,QAM64,8,5,0.9826666666666666,0.0016029486718059335
2016.10b,IQFormer,QAM64,10,5,0.9821666666666667,0.001513825177048735
2016.10b,IQFormer,QAM64,12,5,0.9861666666666666,0.001394433377556838
2016.10b,IQFormer,QAM64,14,5,0.9868333333333332,0.003084459253886899
2016.10b,IQFormer,QAM64,16,5,0.9791666666666666,0.0042898458920779025
2016.10b,IQFormer,QAM64,18,5,0.992,0.0025413251136628162
2016.10b,IQFormer,QPSK,-20,5,0.060333333333333315,0.05475513674533195
2016.10b,IQFormer,QPSK,-18,5,0.06516666666666664,0.05344519518992226
2016.10b,IQFormer,QPSK,-16,5,0.06633333333333333,0.04987693187570115
2016.10b,IQFormer,QPSK,-14,5,0.06616666666666664,0.05066090976066044
2016.10b,IQFormer,QPSK,-12,5,0.06499999999999997,0.051511864868418626
2016.10b,IQFormer,QPSK,-10,5,0.0843333333333333,0.048417312101263
2016.10b,IQFormer,QPSK,-8,5,0.1101666666666666,0.03430561178582886
2016.10b,IQFormer,QPSK,-6,5,0.18666666666666662,0.024094720491334952
2016.10b,IQFormer,QPSK,-4,5,0.5193333333333333,0.02631539473388155
2016.10b,IQFormer,QPSK,-2,5,0.8843333333333334,0.028995928833008434
2016.10b,IQFormer,QPSK,0,5,0.9838333333333333,0.003039097088135101
2016.10b,IQFormer,QPSK,2,5,0.9908333333333331,1.2412670766236366e-16
2016.10b,IQFormer,QPSK,4,5,0.9925,0.0005892556509886855
2016.10b,IQFormer,QPSK,6,5,0.9893333333333333,0.0009128709291752827
2016.10b,IQFormer,QPSK,8,5,0.9916666666666666,0.0016666666666665941
2016.10b,IQFormer,QPSK,10,5,0.9858333333333335,0.0013176156917368727
2016.10b,IQFormer,QPSK,12,5,0.99,0.0013176156917369078
2016.10b,IQFormer,QPSK,14,5,0.9888333333333332,0.000745355992500003
2016.10b,IQFormer,QPSK,16,5,0.9868333333333335,0.0012360330811825642
2016.10b,IQFormer,QPSK,18,5,0.9853333333333334,0.0009501461875826612
2016.10b,IQFormer,WBFM,-20,5,0.07016666666666664,0.02388048947944279
2016.10b,IQFormer,WBFM,-18,5,0.08066666666666662,0.025313314458776204
2016.10b,IQFormer,WBFM,-16,5,0.09649999999999995,0.03422961680572349
2016.10b,IQFormer,WBFM,-14,5,0.1148333333333333,0.028274448614331014
2016.10b,IQFormer,WBFM,-12,5,0.16933333333333328,0.026473256946083025
2016.10b,IQFormer,WBFM,-10,5,0.2228333333333333,0.04793876302117111
2016.10b,IQFormer,WBFM,-8,5,0.29566666666666663,0.0915404433995039
2016.10b,IQFormer,WBFM,-6,5,0.34199999999999997,0.07994051607983972
2016.10b,IQFormer,WBFM,-4,5,0.2733333333333333,0.013881942707464755
2016.10b,IQFormer,WBFM,-2,5,0.3555,0.009621301598247735
2016.10b,IQFormer,WBFM,0,5,0.38949999999999996,0.02547874931519728
2016.10b,IQFormer,WBFM,2,5,0.4109999999999999,0.015738752597754774
2016.10b,IQFormer,WBFM,4,5,0.43499999999999994,0.010491398593345152
2016.10b,IQFormer,WBFM,6,5,0.4614999999999999,0.009599623835222816
2016.10b,IQFormer,WBFM,8,5,0.4408333333333333,0.011916958038395906
2016.10b,IQFormer,WBFM,10,5,0.4576666666666666,0.01962672497726846
2016.10b,IQFormer,WBFM,12,5,0.45516666666666666,0.03692804565036654
2016.10b,IQFormer,WBFM,14,5,0.4875,0.062411047811175936
2016.10b,IQFormer,WBFM,16,5,0.4796666666666667,0.05487549037999066
2016.10b,IQFormer,WBFM,18,5,0.568,0.06831452993324334
2016.10b,IQFormerLite,8PSK,-20,5,0.39,0.04982260196604215
2016.10b,IQFormerLite,8PSK,-18,5,0.3793333333333333,0.05535366092480045
2016.10b,IQFormerLite,8PSK,-16,5,0.3603333333333333,0.048392923036328354
2016.10b,IQFormerLite,8PSK,-14,5,0.3643333333333333,0.04332692260272156
2016.10b,IQFormerLite,8PSK,-12,5,0.3301666666666666,0.04730001761803761
2016.10b,IQFormerLite,8PSK,-10,5,0.29533333333333334,0.04089960608340594
2016.10b,IQFormerLite,8PSK,-8,5,0.21549999999999997,0.05801879484749366
2016.10b,IQFormerLite,8PSK,-6,5,0.26449999999999996,0.061727447523591814
2016.10b,IQFormerLite,8PSK,-4,5,0.5136666666666667,0.029134506078607954
2016.10b,IQFormerLite,8PSK,-2,5,0.8106666666666668,0.02562686307590359
2016.10b,IQFormerLite,8PSK,0,5,0.9675,0.00623609564462325
2016.10b,IQFormerLite,8PSK,2,5,0.9898333333333333,0.0043858991223135755
2016.10b,IQFormerLite,8PSK,4,5,0.9908333333333333,0.0019543398999264504
2016.10b,IQFormerLite,8PSK,6,5,0.9923333333333332,0.0018066236157232391
2016.10b,IQFormerLite,8PSK,8,5,0.9926666666666666,0.0010865337342004112
2016.10b,IQFormerLite,8PSK,10,5,0.9875,0.0015590239111557857
2016.10b,IQFormerLite,8PSK,12,5,0.9891666666666665,0.00212459146399701
2016.10b,IQFormerLite,8PSK,14,5,0.9876666666666667,0.00037267799624987423
2016.10b,IQFormerLite,8PSK,16,5,0.9861666666666666,0.000950146187582671
2016.10b,IQFormerLite,8PSK,18,5,0.9893333333333333,0.0010865337342004793
2016.10b,IQFormerLite,AM-DSB,-20,5,0.17016666666666663,0.03326764360622963
2016.10b,IQFormerLite,AM-DSB,-18,5,0.1903333333333333,0.03912054021440228
2016.10b,IQFormerLite,AM-DSB,-16,5,0.2543333333333333,0.0447461978521329
2016.10b,IQFormerLite,AM-DSB,-14,5,0.34883333333333333,0.05371801373840995
2016.10b,IQFormerLite,AM-DSB,-12,5,0.4581666666666666,0.06788828650396507
2016.10b,IQFormerLite,AM-DSB,-10,5,0.6679999999999999,0.07689865263954745
2016.10b,IQFormerLite,AM-DSB,-8,5,0.7241666666666666,0.09142202202484426
2016.10b,IQFormerLite,AM-DSB,-6,5,0.7936666666666666,0.10291852225047844
2016.10b,IQFormerLite,AM-DSB,-4,5,0.8951666666666667,0.06193746846618778
2016.10b,IQFormerLite,AM-DSB,-2,5,0.9236666666666666,0.036255267816476575
2016.10b,IQFormerLite,AM-DSB,0,5,0.9378333333333334,0.03317985499934832
2016.10b,IQFormerLite,AM-DSB,2,5,0.9388333333333334,0.03955305859784353
2016.10b,IQFormerLite,AM-DSB,4,5,0.9358333333333333,0.04002169550520205
2016.10b,IQFormerLite,AM-DSB,6,5,0.9410000000000001,0.042603631822233784
2016.10b,IQFormerLite,AM-DSB,8,5,0.9361666666666666,0.050133848623238324
2016.10b,IQFormerLite,AM-DSB,10,5,0.9385,0.043809087083744536
2016.10b,IQFormerLite,AM-DSB,12,5,0.9396666666666667,0.045371154566163106
2016.10b,IQFormerLite,AM-DSB,14,5,0.9271666666666667,0.050691742698173045
2016.10b,IQFormerLite,AM-DSB,16,5,0.9,0.06088182998417686
2016.10b,IQFormerLite,AM-DSB,18,5,0.8576666666666666,0.061351672982713226
2016.10b,IQFormerLite,BPSK,-20,5,0.07866666666666663,0.014174017700630169
2016.10b,IQFormerLite,BPSK,-18,5,0.08516666666666665,0.015782814141407794
2016.10b,IQFormerLite,BPSK,-16,5,0.08266666666666664,0.018050854088749707
2016.10b,IQFormerLite,BPSK,-14,5,0.0813333333333333,0.017426432668666156
2016.10b,IQFormerLite,BPSK,-12,5,0.09899999999999995,0.013974182544169735
2016.10b,IQFormerLite,BPSK,-10,5,0.13199999999999998,0.023121058222610257
2016.10b,IQFormerLite,BPSK,-8,5,0.24733333333333332,0.03079614874911763
2016.10b,IQFormerLite,BPSK,-6,5,0.49683333333333335,0.03654525352977531
2016.10b,IQFormerLite,BPSK,-4,5,0.8528333333333334,0.01345775282545755
2016.10b,IQFormerLite,BPSK,-2,5,0.9705,0.002674467755980139
2016.10b,IQFormerLite,BPSK,0,5,0.9845,0.002173067468400931
2016.10b,IQFormerLite,BPSK,2,5,0.9908333333333333,0.0008333333333334081
2016.10b,IQFormerLite,BPSK,4,5,0.9948333333333332,0.0006972166887783726
2016.10b,IQFormerLite,BPSK,6,5,0.9941666666666666,0.0013176156917368024
2016.10b,IQFormerLite,BPSK,8,5,0.99,0.0
2016.10b,IQFormerLite,BPSK,10,5,0.9884999999999999,0.0010865337342004196
2016.10b,IQFormerLite,BPSK,12,5,0.9908333333333333,0.001020620726159681
2016.10b,IQFormerLite,BPSK,14,5,0.994,0.0003726779962500232
2016.10b,IQFormerLite,BPSK,16,5,0.9889999999999999,0.0006972166887784654
2016.10b,IQFormerLite,BPSK,18,5,0.9889999999999999,0.0006972166887784654
2016.10b,IQFormerLite,CPFSK,-20,5,0.08716666666666664,0.03896936118428313
2016.10b,IQFormerLite,CPFSK,-18,5,0.0903333333333333,0.04141423534111054
2016.10b,IQFormerLite,CPFSK,-16,5,0.09116666666666659,0.04024922359499621
2016.10b,IQFormerLite,CPFSK,-14,5,0.09466666666666661,0.041237792806545256
2016.10b,IQFormerLite,CPFSK,-12,5,0.10466666666666664,0.041818888608432
2016.10b,IQFormerLite,CPFSK,-10,5,0.15099999999999997,0.040239732990057384
2016.10b,IQFormerLite,CPFSK,-8,5,0.3128333333333333,0.05155431332315679
2016.10b,IQFormerLite,CPFSK,-6,5,0.6918333333333333,0.043414987171610575
2016.10b,IQFormerLite,CPFSK,-4,5,0.9576666666666667,0.01120205834260432
2016.10b,IQFormerLite,CPFSK,-2,5,0.998,0.0017280367794439684
2016.10b,IQFormerLite,CPFSK,0,5,1.0,0.0
2016.10b,IQFormerLite,CPFSK,2,5,1.0,0.0
2016.10b,IQFormerLite,CPFSK,4,5,1.0,0.0
2016.10b,IQFormerLite,CPFSK,6,5,1.0,0.0
2016.10b,IQFormerLite,CPFSK,8,5,1.0,0.0
2016.10b,IQFormerLite,CPFSK,10,5,1.0,0.0
2016.10b,IQFormerLite,CPFSK,12,5,1.0,0.0
2016.10b,IQFormerLite,CPFSK,14,5,1.0,0.0
2016.10b,IQFormerLite,CPFSK,16,5,1.0,0.0
2016.10b,IQFormerLite,CPFSK,18,5,1.0,0.0
2016.10b,IQFormerLite,GFSK,-20,5,0.15416666666666662,0.06561673228343173
2016.10b,IQFormerLite,GFSK,-18,5,0.14916666666666667,0.07666440214046906
2016.10b,IQFormerLite,GFSK,-16,5,0.16616666666666666,0.07310475740713156
2016.10b,IQFormerLite,GFSK,-14,5,0.17416666666666664,0.07213509702095243
2016.10b,IQFormerLite,GFSK,-12,5,0.23416666666666663,0.08876271426924957
2016.10b,IQFormerLite,GFSK,-10,5,0.3565,0.08504982199994436
2016.10b,IQFormerLite,GFSK,-8,5,0.5776666666666667,0.0670830745336623
2016.10b,IQFormerLite,GFSK,-6,5,0.7841666666666667,0.026319352828922907
2016.10b,IQFormerLite,GFSK,-4,5,0.9188333333333333,0.01128236086405083
2016.10b,IQFormerLite,GFSK,-2,5,0.9618333333333334,0.01389944043637892
2016.10b,IQFormerLite,GFSK,0,5,0.9911666666666668,0.006196997480859365
2016.10b,IQFormerLite,GFSK,2,5,0.9949999999999999,0.001954339899926545
2016.10b,IQFormerLite,GFSK,4,5,0.9988333333333334,0.0009501461875826125
2016.10b,IQFormerLite,GFSK,6,5,0.9988333333333334,0.0009501461875826125
2016.10b,IQFormerLite,GFSK,8,5,1.0,0.0
2016.10b,IQFormerLite,GFSK,10,5,0.9994999999999999,0.0007453559924999906
2016.10b,IQFormerLite,GFSK,12,5,0.9998333333333334,0.00037267799624997355
2016.10b,IQFormerLite,GFSK,14,5,0.9993333333333334,0.0010865337342004196
2016.10b,IQFormerLite,GFSK,16,5,0.9995,0.001118033988749871
2016.10b,IQFormerLite,GFSK,18,5,0.9996666666666666,0.0007453559924999967
2016.10b,IQFormerLite,PAM4,-20,5,0.028833333333333277,0.007874889769951609
2016.10b,IQFormerLite,PAM4,-18,5,0.036833333333333315,0.012295550233948665
2016.10b,IQFormerLite,PAM4,-16,5,0.04949999999999998,0.01056724498943157
2016.10b,IQFormerLite,PAM4,-14,5,0.08566666666666663,0.012995725793078608
2016.10b,IQFormerLite,PAM4,-12,5,0.22299999999999995,0.026290312960395804
2016.10b,IQFormerLite,PAM4,-10,5,0.5003333333333334,0.031680917845850934
2016.10b,IQFormerLite,PAM4,-8,5,0.7696666666666667,0.03202429633193454
2016.10b,IQFormerLite,PAM4,-6,5,0.9535,0.00864821754274636
2016.10b,IQFormerLite,PAM4,-4,5,0.99,0.001178511301977626
2016.10b,IQFormerLite,PAM4,-2,5,0.9890000000000001,0.0014907119849998042
2016.10b,IQFormerLite,PAM4,0,5,0.9894999999999999,0.0007453559924999906
2016.10b,IQFormerLite,PAM4,2,5,0.9884999999999999,0.0010865337342003771
2016.10b,IQFormerLite,PAM4,4,5,0.984,0.0003726779962500232
2016.10b,IQFormerLite,PAM4,6,5,0.9913333333333334,0.0004564354645877706
2016.10b,IQFormerLite,PAM4,8,5,0.9928333333333332,0.00045643546458752735
2016.10b,IQFormerLite,PAM4,10,5,0.9921666666666666,0.00045643546458758817
2016.10b,IQFormerLite,PAM4,12,5,0.9856666666666666,0.0003726779962499239
2016.10b,IQFormerLite,PAM4,14,5,0.9894999999999999,0.0009501461875826321
2016.10b,IQFormerLite,PAM4,16,5,0.9894999999999999,0.00045643546458764894
2016.10b,IQFormerLite,PAM4,18,5,0.993,0.00045643546458752735
2016.10b,IQFormerLite,QAM16,-20,5,0.00183333333333332,0.0010865337342004441
2016.10b,IQFormerLite,QAM16,-18,5,0.006166666666666621,0.005157249482255271
2016.10b,IQFormerLite,QAM16,-16,5,0.00666666666666664,0.0030618621784789593
2016.10b,IQFormerLite,QAM16,-14,5,0.022999999999999982,0.010079544742805719
2016.10b,IQFormerLite,QAM16,-12,5,0.06866666666666663,0.020323768242025295
2016.10b,IQFormerLite,QAM16,-10,5,0.18316666666666664,0.06562308198255314
2016.10b,IQFormerLite,QAM16,-8,5,0.3676666666666667,0.12289533713241074
2016.10b,IQFormerLite,QAM16,-6,5,0.5856666666666667,0.0922884216886267
2016.10b,IQFormerLite,QAM16,-4,5,0.7873333333333333,0.05291305761970919
2016.10b,IQFormerLite,QAM16,-2,5,0.9235,0.02545011460354021
2016.10b,IQFormerLite,QAM16,0,5,0.9833333333333334,0.004859126579037691
2016.10b,IQFormerLite,QAM16,2,5,0.9893333333333333,0.0010865337342004793
2016.10b,IQFormerLite,QAM16,4,5,0.9866666666666667,0.0020412414523193283
2016.10b,IQFormerLite,QAM16,6,5,0.9858333333333335,0.0028259708263021458
2016.10b,IQFormerLite,QAM16,8,5,0.9823333333333333,0.002910708199428789
2016.10b,IQFormerLite,QAM16,10,5,0.9833333333333332,0.0023570226039551835
2016.10b,IQFormerLite,QAM16,12,5,0.9863333333333333,0.0036132472314464874
2016.10b,IQFormerLite,QAM16,14,5,0.9911666666666668,0.0028012893856618894
2016.10b,IQFormerLite,QAM16,16,5,0.9881666666666666,0.001602948671805968
2016.10b,IQFormerLite,QAM16,18,5,0.9883333333333333,0.002204792759220459
2016.10b,IQFormerLite,QAM64,-20,5,0.00416666666666664,0.0013176156917368194
2016.10b,IQFormerLite,QAM64,-18,5,0.011666666666666641,0.003632415786283898
2016.10b,IQFormerLite,QAM64,-16,5,0.058499999999999976,0.01346806923389128
2016.10b,IQFormerLite,QAM64,-14,5,0.2173333333333333,0.06303217873083203
2016.10b,IQFormerLite,QAM64,-12,5,0.37016666666666664,0.14409608098610996
2016.10b,IQFormerLite,QAM64,-10,5,0.5173333333333333,0.12699710189169236
2016.10b,IQFormerLite,QAM64,-8,5,0.6691666666666667,0.052251395515654254
2016.10b,IQFormerLite,QAM64,-6,5,0.8871666666666667,0.017486105595268704
2016.10b,IQFormerLite,QAM64,-4,5,0.9721666666666666,0.006471089552772314
2016.10b,IQFormerLite,QAM64,-2,5,0.9783333333333333,0.003584302194601016
2016.10b,IQFormerLite,QAM64,0,5,0.9833333333333334,0.0023570226039551345
2016.10b,IQFormerLite,QAM64,2,5,0.9828333333333333,0.0017280367794439578
2016.10b,IQFormerLite,QAM64,4,5,0.9823333333333333,0.0010865337342003856
2016.10b,IQFormerLite,QAM64,6,5,0.9875,0.0010206207261595904
2016.10b,IQFormerLite,QAM64,8,5,0.9804999999999999,0.0012638125740086137
2016.10b,IQFormerLite,QAM64,10,5,0.9813333333333334,0.002922612986125006
2016.10b,IQFormerLite,QAM64,12,5,0.986,0.0030276503540975206
2016.10b,IQFormerLite,QAM64,14,5,0.9863333333333333,0.0016244657241348136
2016.10b,IQFormerLite,QAM64,16,5,0.9803333333333333,0.002327373340628135
2016.10b,IQFormerLite,QAM64,18,5,0.9904999999999999,0.0025413251136628015
2016.10b,IQFormerLite,QPSK,-20,5,0.09883333333333327,0.08665785211585465
2016.10b,IQFormerLite,QPSK,-18,5,0.1003333333333333,0.08671993555245658
2016.10b,IQFormerLite,QPSK,-16,5,0.1076666666666666,0.09162764320880462
2016.10b,IQFormerLite,QPSK,-14,5,0.1023333333333333,0.08821218106865335
2016.10b,IQFormerLite,QPSK,-12,5,0.1128333333333333,0.09064506482858169
2016.10b,IQFormerLite,QPSK,-10,5,0.13766666666666666,0.08740749077993513
2016.10b,IQFormerLite,QPSK,-8,5,0.16316666666666665,0.08065142762392852
2016.10b,IQFormerLite,QPSK,-6,5,0.24533333333333332,0.036754629338054526
2016.10b,IQFormerLite,QPSK,-4,5,0.5528333333333333,0.041735776020100535
2016.10b,IQFormerLite,QPSK,-2,5,0.8998333333333333,0.028323527714997302
2016.10b,IQFormerLite,QPSK,0,5,0.9834999999999999,0.002312406154251906
2016.10b,IQFormerLite,QPSK,2,5,0.9911666666666665,0.0012638125740085477
2016.10b,IQFormerLite,QPSK,4,5,0.9921666666666666,0.0007453559924998044
2016.10b,IQFormerLite,QPSK,6,5,0.9906666666666666,0.002074983266331454
2016.10b,IQFormerLite,QPSK,8,5,0.9904999999999999,0.0007453559924998974
2016.10b,IQFormerLite,QPSK,10,5,0.9856666666666666,0.000697216688778439
2016.10b,IQFormerLite,QPSK,12,5,0.9898333333333333,0.0009128709291752371
2016.10b,IQFormerLite,QPSK,14,5,0.9880000000000001,0.0011180339887498297
2016.10b,IQFormerLite,QPSK,16,5,0.9876666666666667,0.0009128709291751156
2016.10b,IQFormerLite,QPSK,18,5,0.9851666666666666,0.001086533734200488
2016.10b,IQFormerLite,WBFM,-20,5,0.06116666666666663,0.01731649823466371
2016.10b,IQFormerLite,WBFM,-18,5,0.07033333333333329,0.028053767819829295
2016.10b,IQFormerLite,WBFM,-16,5,0.08183333333333329,0.02572153226816439
2016.10b,IQFormerLite,WBFM,-14,5,0.10166666666666661,0.032659863237109024
2016.10b,IQFormerLite,WBFM,-12,5,0.15399999999999997,0.04873895886363506
2016.10b,IQFormerLite,WBFM,-10,5,0.20649999999999996,0.06517444540104149
2016.10b,IQFormerLite,WBFM,-8,5,0.26633333333333326,0.10049979270293712
2016.10b,IQFormerLite,WBFM,-6,5,0.3195,0.08585679291057227
2016.10b,IQFormerLite,WBFM,-4,5,0.3028333333333333,0.05262749070379259
2016.10b,IQFormerLite,WBFM,-2,5,0.3868333333333333,0.03705476427607593
2016.10b,IQFormerLite,WBFM,0,5,0.41483333333333333,0.03391881647568371
2016.10b,IQFormerLite,WBFM,2,5,0.446,0.02935297637757068
2016.10b,IQFormerLite,WBFM,4,5,0.48200000000000004,0.03458885498088785
2016.10b,IQFormerLite,WBFM,6,5,0.5133333333333333,0.03584302194601096
2016.10b,IQFormerLite,WBFM,8,5,0.4918333333333333,0.04325874991772701
2016.10b,IQFormerLite,WBFM,10,5,0.5115000000000001,0.04758544945674047
2016.10b,IQFormerLite,WBFM,12,5,0.5201666666666667,0.0516444844855458
2016.10b,IQFormerLite,WBFM,14,5,0.5521666666666667,0.06206123767878162
2016.10b,IQFormerLite,WBFM,16,5,0.6031666666666666,0.0630734800759312
2016.10b,IQFormerLite,WBFM,18,5,0.72,0.07006445445286631
